[{"model": "admin.logentry", "pk": 1, "fields": {"action_time": "2023-03-23T06:26:49.305Z", "user": 1, "content_type": 7, "object_id": "b8d6c13c-75f6-4948-b2b2-356ec77f9c55", "object_repr": "Product object (b8d6c13c-75f6-4948-b2b2-356ec77f9c55)", "action_flag": 1, "change_message": "[{\"added\": {}}]"}}, {"model": "admin.logentry", "pk": 2, "fields": {"action_time": "2023-03-23T09:22:14.169Z", "user": 1, "content_type": 7, "object_id": "b8d6c13c-75f6-4948-b2b2-356ec77f9c55", "object_repr": "Airpods Wireless Bluetooth Headphones", "action_flag": 2, "change_message": "[{\"changed\": {\"fields\": [\"Image\"]}}]"}}, {"model": "admin.logentry", "pk": 3, "fields": {"action_time": "2023-03-23T10:23:44.747Z", "user": 1, "content_type": 7, "object_id": "b8d6c13c-75f6-4948-b2b2-356ec77f9c55", "object_repr": "Airpods Wireless Bluetooth Headphones", "action_flag": 2, "change_message": "[{\"changed\": {\"fields\": [\"Image\"]}}]"}}, {"model": "admin.logentry", "pk": 4, "fields": {"action_time": "2023-03-23T10:24:29.250Z", "user": 1, "content_type": 7, "object_id": "b8d6c13c-75f6-4948-b2b2-356ec77f9c55", "object_repr": "Airpods Wireless Bluetooth Headphones", "action_flag": 2, "change_message": "[{\"changed\": {\"fields\": [\"Image\"]}}]"}}, {"model": "admin.logentry", "pk": 5, "fields": {"action_time": "2023-03-23T10:25:00.546Z", "user": 1, "content_type": 7, "object_id": "b8d6c13c-75f6-4948-b2b2-356ec77f9c55", "object_repr": "Airpods Wireless Bluetooth Headphones", "action_flag": 2, "change_message": "[{\"changed\": {\"fields\": [\"Image\"]}}]"}}, {"model": "admin.logentry", "pk": 6, "fields": {"action_time": "2023-03-23T10:37:20.621Z", "user": 1, "content_type": 7, "object_id": "b8d6c13c-75f6-4948-b2b2-356ec77f9c55", "object_repr": "Airpods Wireless Bluetooth Headphones", "action_flag": 2, "change_message": "[{\"changed\": {\"fields\": [\"Image\"]}}]"}}, {"model": "admin.logentry", "pk": 7, "fields": {"action_time": "2023-03-23T10:38:12.846Z", "user": 1, "content_type": 7, "object_id": "b8d6c13c-75f6-4948-b2b2-356ec77f9c55", "object_repr": "Airpods Wireless Bluetooth Headphones", "action_flag": 2, "change_message": "[{\"changed\": {\"fields\": [\"Image\"]}}]"}}, {"model": "admin.logentry", "pk": 8, "fields": {"action_time": "2023-03-23T10:52:18.377Z", "user": 1, "content_type": 7, "object_id": "b8d6c13c-75f6-4948-b2b2-356ec77f9c55", "object_repr": "Airpods Wireless Bluetooth Headphones", "action_flag": 2, "change_message": "[{\"changed\": {\"fields\": [\"Price\"]}}]"}}, {"model": "admin.logentry", "pk": 9, "fields": {"action_time": "2023-03-23T10:52:33.135Z", "user": 1, "content_type": 7, "object_id": "b8d6c13c-75f6-4948-b2b2-356ec77f9c55", "object_repr": "Airpods Wireless Bluetooth Headphones", "action_flag": 2, "change_message": "[{\"changed\": {\"fields\": [\"Rating\"]}}]"}}, {"model": "admin.logentry", "pk": 10, "fields": {"action_time": "2023-03-23T10:56:07.092Z", "user": 1, "content_type": 7, "object_id": "b8d6c13c-75f6-4948-b2b2-356ec77f9c55", "object_repr": "Airpods Wireless Bluetooth Earphones", "action_flag": 2, "change_message": "[{\"changed\": {\"fields\": [\"Name\"]}}]"}}, {"model": "admin.logentry", "pk": 11, "fields": {"action_time": "2023-03-24T13:35:11.637Z", "user": 1, "content_type": 7, "object_id": "b8d6c13c-75f6-4948-b2b2-356ec77f9c55", "object_repr": "Airpods Wireless Bluetooth Earphones", "action_flag": 2, "change_message": "[{\"changed\": {\"fields\": [\"CountInStock\"]}}]"}}, {"model": "admin.logentry", "pk": 12, "fields": {"action_time": "2023-03-24T13:35:25.413Z", "user": 1, "content_type": 7, "object_id": "b8d6c13c-75f6-4948-b2b2-356ec77f9c55", "object_repr": "Airpods Wireless Bluetooth Earphones", "action_flag": 2, "change_message": "[]"}}, {"model": "admin.logentry", "pk": 13, "fields": {"action_time": "2023-03-24T13:36:34.367Z", "user": 1, "content_type": 7, "object_id": "b8d6c13c-75f6-4948-b2b2-356ec77f9c55", "object_repr": "Airpods Wireless Bluetooth Earphones", "action_flag": 2, "change_message": "[{\"changed\": {\"fields\": [\"CountInStock\"]}}]"}}, {"model": "admin.logentry", "pk": 14, "fields": {"action_time": "2023-03-24T13:37:11.010Z", "user": 1, "content_type": 7, "object_id": "b8d6c13c-75f6-4948-b2b2-356ec77f9c55", "object_repr": "Airpods Wireless Bluetooth Earphones", "action_flag": 2, "change_message": "[{\"changed\": {\"fields\": [\"CountInStock\"]}}]"}}, {"model": "admin.logentry", "pk": 15, "fields": {"action_time": "2023-03-24T13:37:21.005Z", "user": 1, "content_type": 7, "object_id": "b8d6c13c-75f6-4948-b2b2-356ec77f9c55", "object_repr": "Airpods Wireless Bluetooth Earphones", "action_flag": 2, "change_message": "[{\"changed\": {\"fields\": [\"CountInStock\"]}}]"}}, {"model": "admin.logentry", "pk": 16, "fields": {"action_time": "2023-03-24T13:46:02.413Z", "user": 1, "content_type": 7, "object_id": "b8d6c13c-75f6-4948-b2b2-356ec77f9c55", "object_repr": "Airpods Wireless Bluetooth Headphones", "action_flag": 2, "change_message": "[{\"changed\": {\"fields\": [\"Name\", \"Brand\", \"Category\", \"Rating\", \"NumReviews\", \"Price\", \"CountInStock\"]}}]"}}, {"model": "admin.logentry", "pk": 17, "fields": {"action_time": "2023-03-24T13:46:59.857Z", "user": 1, "content_type": 7, "object_id": "37e05f6e-7e38-4c88-87ba-121112157c80", "object_repr": "iPhone 11 Pro 256GB Memory", "action_flag": 1, "change_message": "[{\"added\": {}}]"}}, {"model": "admin.logentry", "pk": 18, "fields": {"action_time": "2023-03-24T13:47:52.041Z", "user": 1, "content_type": 7, "object_id": "207b0fee-f417-4596-a42c-362d66ef4412", "object_repr": "Cannon EOS 80D DSLR Camera", "action_flag": 1, "change_message": "[{\"added\": {}}]"}}, {"model": "admin.logentry", "pk": 19, "fields": {"action_time": "2023-03-24T13:48:42.436Z", "user": 1, "content_type": 7, "object_id": "09fd4c44-f009-4b19-ba63-ade5f6ec701b", "object_repr": "Sony Playstation 4 Pro White Version", "action_flag": 1, "change_message": "[{\"added\": {}}]"}}, {"model": "admin.logentry", "pk": 20, "fields": {"action_time": "2023-03-24T13:49:27.217Z", "user": 1, "content_type": 7, "object_id": "959130af-92a5-48c5-87a4-e8f89d7065b9", "object_repr": "Logitech G-Series Gaming Mouse", "action_flag": 1, "change_message": "[{\"added\": {}}]"}}, {"model": "admin.logentry", "pk": 21, "fields": {"action_time": "2023-03-24T13:50:08.895Z", "user": 1, "content_type": 7, "object_id": "6ef55da7-6b7e-44cb-b0d6-a6719c478155", "object_repr": "Amazon Echo Dot 3rd Generation", "action_flag": 1, "change_message": "[{\"added\": {}}]"}}, {"model": "admin.logentry", "pk": 22, "fields": {"action_time": "2023-03-24T17:38:56.070Z", "user": 1, "content_type": 7, "object_id": "b8d6c13c-75f6-4948-b2b2-356ec77f9c55", "object_repr": "Airpods Wireless Bluetooth Headphones", "action_flag": 2, "change_message": "[{\"changed\": {\"fields\": [\"CountInStock\"]}}]"}}, {"model": "admin.logentry", "pk": 23, "fields": {"action_time": "2023-03-24T17:39:08.779Z", "user": 1, "content_type": 7, "object_id": "b8d6c13c-75f6-4948-b2b2-356ec77f9c55", "object_repr": "Airpods Wireless Bluetooth Headphones", "action_flag": 2, "change_message": "[{\"changed\": {\"fields\": [\"CountInStock\"]}}]"}}, {"model": "admin.logentry", "pk": 24, "fields": {"action_time": "2023-03-26T09:56:59.564Z", "user": 1, "content_type": 4, "object_id": "1", "object_repr": "thor", "action_flag": 2, "change_message": "[{\"changed\": {\"fields\": [\"First name\"]}}]"}}, {"model": "admin.logentry", "pk": 25, "fields": {"action_time": "2023-03-26T10:38:44.519Z", "user": 1, "content_type": 4, "object_id": "2", "object_repr": "non-admin", "action_flag": 1, "change_message": "[{\"added\": {}}]"}}, {"model": "admin.logentry", "pk": 26, "fields": {"action_time": "2023-03-26T10:39:24.937Z", "user": 1, "content_type": 4, "object_id": "2", "object_repr": "non-admin", "action_flag": 2, "change_message": "[{\"changed\": {\"fields\": [\"First name\", \"Email address\"]}}]"}}, {"model": "admin.logentry", "pk": 27, "fields": {"action_time": "2023-03-26T10:59:37.054Z", "user": 1, "content_type": 4, "object_id": "3", "object_repr": "saumojit@gmail.com", "action_flag": 3, "change_message": ""}}, {"model": "admin.logentry", "pk": 28, "fields": {"action_time": "2023-03-26T11:26:30.591Z", "user": 1, "content_type": 4, "object_id": "4", "object_repr": "saumojit12@gmail.com", "action_flag": 2, "change_message": "[{\"changed\": {\"fields\": [\"Email address\"]}}]"}}, {"model": "admin.logentry", "pk": 29, "fields": {"action_time": "2023-03-26T11:27:46.775Z", "user": 1, "content_type": 4, "object_id": "4", "object_repr": "saumojit@gmail.com", "action_flag": 2, "change_message": "[{\"changed\": {\"fields\": [\"Email address\"]}}]"}}, {"model": "admin.logentry", "pk": 30, "fields": {"action_time": "2023-03-28T06:43:36.737Z", "user": 1, "content_type": 4, "object_id": "6", "object_repr": "react@gmail.com", "action_flag": 1, "change_message": "[{\"added\": {}}]"}}, {"model": "admin.logentry", "pk": 31, "fields": {"action_time": "2023-03-28T06:43:52.374Z", "user": 1, "content_type": 4, "object_id": "6", "object_repr": "react@gmail.com", "action_flag": 2, "change_message": "[]"}}, {"model": "admin.logentry", "pk": 32, "fields": {"action_time": "2023-03-28T09:00:33.344Z", "user": 1, "content_type": 4, "object_id": "6", "object_repr": "react@gmail.com", "action_flag": 2, "change_message": "[{\"changed\": {\"fields\": [\"First name\"]}}]"}}, {"model": "admin.logentry", "pk": 33, "fields": {"action_time": "2023-03-31T17:57:02.590Z", "user": 1, "content_type": 7, "object_id": "b8d6c13c-75f6-4948-b2b2-356ec77f9c55", "object_repr": "Airpods Wireless Bluetooth Headphones", "action_flag": 2, "change_message": "[{\"changed\": {\"fields\": [\"CountInStock\"]}}]"}}, {"model": "admin.logentry", "pk": 34, "fields": {"action_time": "2023-03-31T17:57:11.853Z", "user": 1, "content_type": 7, "object_id": "959130af-92a5-48c5-87a4-e8f89d7065b9", "object_repr": "Logitech G-Series Gaming Mouse", "action_flag": 2, "change_message": "[{\"changed\": {\"fields\": [\"CountInStock\"]}}]"}}, {"model": "admin.logentry", "pk": 35, "fields": {"action_time": "2023-03-31T17:57:24.857Z", "user": 1, "content_type": 7, "object_id": "37e05f6e-7e38-4c88-87ba-121112157c80", "object_repr": "iPhone 11 Pro 256GB Memory", "action_flag": 2, "change_message": "[{\"changed\": {\"fields\": [\"CountInStock\"]}}]"}}, {"model": "admin.logentry", "pk": 36, "fields": {"action_time": "2023-03-31T17:57:30.693Z", "user": 1, "content_type": 7, "object_id": "207b0fee-f417-4596-a42c-362d66ef4412", "object_repr": "Cannon EOS 80D DSLR Camera", "action_flag": 2, "change_message": "[{\"changed\": {\"fields\": [\"CountInStock\"]}}]"}}, {"model": "admin.logentry", "pk": 37, "fields": {"action_time": "2023-03-31T17:57:53.823Z", "user": 1, "content_type": 7, "object_id": "09fd4c44-f009-4b19-ba63-ade5f6ec701b", "object_repr": "Sony Playstation 4 Pro White Version", "action_flag": 2, "change_message": "[{\"changed\": {\"fields\": [\"CountInStock\"]}}]"}}, {"model": "admin.logentry", "pk": 38, "fields": {"action_time": "2023-03-31T19:58:21.178Z", "user": 1, "content_type": 11, "object_id": "5af9a5ba-b064-4a3f-a884-9c110acfbe64", "object_repr": "5af9a5ba-b064-4a3f-a884-9c110acfbe64_____2023-04-01 01:04:56.825570+05:30", "action_flag": 2, "change_message": "[{\"changed\": {\"fields\": [\"IsPaid\", \"PaidAt\"]}}]"}}, {"model": "admin.logentry", "pk": 39, "fields": {"action_time": "2023-03-31T19:58:43.015Z", "user": 1, "content_type": 11, "object_id": "5af9a5ba-b064-4a3f-a884-9c110acfbe64", "object_repr": "5af9a5ba-b064-4a3f-a884-9c110acfbe64_____2023-04-01 01:04:56.825570+05:30", "action_flag": 2, "change_message": "[{\"changed\": {\"fields\": [\"IsDelivered\", \"DeliveredAt\"]}}]"}}, {"model": "admin.logentry", "pk": 40, "fields": {"action_time": "2023-04-01T06:14:11.468Z", "user": 1, "content_type": 11, "object_id": "8c4d312c-8b51-4d19-9215-775122beae55", "object_repr": "8c4d312c-8b51-4d19-9215-775122beae55_____2023-04-01 11:41:57.138075+05:30", "action_flag": 2, "change_message": "[{\"changed\": {\"fields\": [\"IsPaid\", \"PaidAt\"]}}]"}}, {"model": "admin.logentry", "pk": 41, "fields": {"action_time": "2023-04-01T06:16:59.019Z", "user": 1, "content_type": 11, "object_id": "8c4d312c-8b51-4d19-9215-775122beae55", "object_repr": "8c4d312c-8b51-4d19-9215-775122beae55_____2023-04-01 11:41:57.138075+05:30", "action_flag": 2, "change_message": "[{\"changed\": {\"fields\": [\"IsPaid\", \"PaidAt\"]}}]"}}, {"model": "admin.logentry", "pk": 42, "fields": {"action_time": "2023-04-01T06:23:31.301Z", "user": 1, "content_type": 11, "object_id": "4c1c4b50-40b4-4f16-a01d-9817988ddd39", "object_repr": "4c1c4b50-40b4-4f16-a01d-9817988ddd39_____2023-04-01 11:49:56.640358+05:30", "action_flag": 2, "change_message": "[{\"changed\": {\"fields\": [\"IsPaid\", \"PaidAt\"]}}]"}}, {"model": "admin.logentry", "pk": 43, "fields": {"action_time": "2023-04-01T06:25:06.513Z", "user": 1, "content_type": 11, "object_id": "4c1c4b50-40b4-4f16-a01d-9817988ddd39", "object_repr": "4c1c4b50-40b4-4f16-a01d-9817988ddd39_____2023-04-01 11:49:56.640358+05:30", "action_flag": 2, "change_message": "[{\"changed\": {\"fields\": [\"IsPaid\", \"PaidAt\"]}}]"}}, {"model": "admin.logentry", "pk": 44, "fields": {"action_time": "2023-04-01T06:29:45.062Z", "user": 1, "content_type": 11, "object_id": "4c1c4b50-40b4-4f16-a01d-9817988ddd39", "object_repr": "4c1c4b50-40b4-4f16-a01d-9817988ddd39_____2023-04-01 11:49:56.640358+05:30", "action_flag": 2, "change_message": "[{\"changed\": {\"fields\": [\"IsPaid\", \"PaidAt\"]}}]"}}, {"model": "admin.logentry", "pk": 45, "fields": {"action_time": "2023-04-01T06:37:07.659Z", "user": 1, "content_type": 11, "object_id": "4c1c4b50-40b4-4f16-a01d-9817988ddd39", "object_repr": "4c1c4b50-40b4-4f16-a01d-9817988ddd39_____2023-04-01 11:49:56.640358+05:30", "action_flag": 2, "change_message": "[{\"changed\": {\"fields\": [\"IsPaid\", \"PaidAt\"]}}]"}}, {"model": "admin.logentry", "pk": 46, "fields": {"action_time": "2023-04-01T06:38:32.422Z", "user": 1, "content_type": 11, "object_id": "4c1c4b50-40b4-4f16-a01d-9817988ddd39", "object_repr": "4c1c4b50-40b4-4f16-a01d-9817988ddd39_____2023-04-01 11:49:56.640358+05:30", "action_flag": 2, "change_message": "[{\"changed\": {\"fields\": [\"IsPaid\", \"PaidAt\"]}}]"}}, {"model": "admin.logentry", "pk": 47, "fields": {"action_time": "2023-04-01T06:39:21.799Z", "user": 1, "content_type": 11, "object_id": "1fbf6562-a4b3-48ff-bcee-2687771a88f2", "object_repr": "1fbf6562-a4b3-48ff-bcee-2687771a88f2_____2023-04-01 12:08:54.995624+05:30", "action_flag": 2, "change_message": "[{\"changed\": {\"fields\": [\"IsPaid\"]}}]"}}, {"model": "admin.logentry", "pk": 48, "fields": {"action_time": "2023-04-01T06:43:01.616Z", "user": 1, "content_type": 11, "object_id": "1fbf6562-a4b3-48ff-bcee-2687771a88f2", "object_repr": "1fbf6562-a4b3-48ff-bcee-2687771a88f2_____2023-04-01 12:08:54.995624+05:30", "action_flag": 2, "change_message": "[{\"changed\": {\"fields\": [\"IsPaid\"]}}]"}}, {"model": "admin.logentry", "pk": 49, "fields": {"action_time": "2023-04-01T06:43:11.290Z", "user": 1, "content_type": 11, "object_id": "26b22eba-2b15-4def-a1a0-1aa9a96d4614", "object_repr": "26b22eba-2b15-4def-a1a0-1aa9a96d4614_____2023-04-01 12:10:56.849231+05:30", "action_flag": 2, "change_message": "[{\"changed\": {\"fields\": [\"IsPaid\"]}}]"}}, {"model": "admin.logentry", "pk": 50, "fields": {"action_time": "2023-04-01T06:44:00.132Z", "user": 1, "content_type": 11, "object_id": "26b22eba-2b15-4def-a1a0-1aa9a96d4614", "object_repr": "26b22eba-2b15-4def-a1a0-1aa9a96d4614_____2023-04-01 12:10:56.849231+05:30", "action_flag": 2, "change_message": "[{\"changed\": {\"fields\": [\"IsPaid\"]}}]"}}, {"model": "admin.logentry", "pk": 51, "fields": {"action_time": "2023-04-01T06:46:16.318Z", "user": 1, "content_type": 11, "object_id": "26b22eba-2b15-4def-a1a0-1aa9a96d4614", "object_repr": "26b22eba-2b15-4def-a1a0-1aa9a96d4614_____2023-04-01 12:10:56.849231+05:30", "action_flag": 2, "change_message": "[{\"changed\": {\"fields\": [\"IsPaid\"]}}]"}}, {"model": "admin.logentry", "pk": 52, "fields": {"action_time": "2023-04-01T06:48:20.567Z", "user": 1, "content_type": 11, "object_id": "26b22eba-2b15-4def-a1a0-1aa9a96d4614", "object_repr": "26b22eba-2b15-4def-a1a0-1aa9a96d4614_____2023-04-01 12:10:56.849231+05:30", "action_flag": 2, "change_message": "[{\"changed\": {\"fields\": [\"IsPaid\"]}}]"}}, {"model": "admin.logentry", "pk": 53, "fields": {"action_time": "2023-04-01T06:48:44.806Z", "user": 1, "content_type": 11, "object_id": "26b22eba-2b15-4def-a1a0-1aa9a96d4614", "object_repr": "26b22eba-2b15-4def-a1a0-1aa9a96d4614_____2023-04-01 12:10:56.849231+05:30", "action_flag": 2, "change_message": "[{\"changed\": {\"fields\": [\"IsPaid\"]}}]"}}, {"model": "admin.logentry", "pk": 54, "fields": {"action_time": "2023-04-01T06:51:55.037Z", "user": 1, "content_type": 11, "object_id": "26b22eba-2b15-4def-a1a0-1aa9a96d4614", "object_repr": "26b22eba-2b15-4def-a1a0-1aa9a96d4614_____2023-04-01 12:10:56.849231+05:30", "action_flag": 2, "change_message": "[{\"changed\": {\"fields\": [\"IsPaid\"]}}]"}}, {"model": "admin.logentry", "pk": 55, "fields": {"action_time": "2023-04-01T06:54:42.457Z", "user": 1, "content_type": 11, "object_id": "26b22eba-2b15-4def-a1a0-1aa9a96d4614", "object_repr": "26b22eba-2b15-4def-a1a0-1aa9a96d4614_____2023-04-01 12:10:56.849231+05:30", "action_flag": 2, "change_message": "[{\"changed\": {\"fields\": [\"IsPaid\"]}}]"}}, {"model": "admin.logentry", "pk": 56, "fields": {"action_time": "2023-04-01T06:55:08.913Z", "user": 1, "content_type": 11, "object_id": "26b22eba-2b15-4def-a1a0-1aa9a96d4614", "object_repr": "26b22eba-2b15-4def-a1a0-1aa9a96d4614_____2023-04-01 12:10:56.849231+05:30", "action_flag": 2, "change_message": "[{\"changed\": {\"fields\": [\"IsPaid\"]}}]"}}, {"model": "admin.logentry", "pk": 57, "fields": {"action_time": "2023-04-01T07:03:25.115Z", "user": 1, "content_type": 11, "object_id": "26b22eba-2b15-4def-a1a0-1aa9a96d4614", "object_repr": "26b22eba-2b15-4def-a1a0-1aa9a96d4614_____2023-04-01 12:10:56.849231+05:30", "action_flag": 2, "change_message": "[{\"changed\": {\"fields\": [\"IsPaid\"]}}]"}}, {"model": "admin.logentry", "pk": 58, "fields": {"action_time": "2023-04-01T07:09:05.009Z", "user": 1, "content_type": 11, "object_id": "26b22eba-2b15-4def-a1a0-1aa9a96d4614", "object_repr": "26b22eba-2b15-4def-a1a0-1aa9a96d4614_____2023-04-01 12:10:56.849231+05:30", "action_flag": 2, "change_message": "[{\"changed\": {\"fields\": [\"IsPaid\", \"PaidAt\"]}}]"}}, {"model": "admin.logentry", "pk": 59, "fields": {"action_time": "2023-04-01T07:14:33.462Z", "user": 1, "content_type": 11, "object_id": "26b22eba-2b15-4def-a1a0-1aa9a96d4614", "object_repr": "26b22eba-2b15-4def-a1a0-1aa9a96d4614_____2023-04-01 12:10:56.849231+05:30", "action_flag": 2, "change_message": "[{\"changed\": {\"fields\": [\"IsPaid\"]}}]"}}, {"model": "admin.logentry", "pk": 60, "fields": {"action_time": "2023-04-01T07:16:03.683Z", "user": 1, "content_type": 11, "object_id": "26b22eba-2b15-4def-a1a0-1aa9a96d4614", "object_repr": "26b22eba-2b15-4def-a1a0-1aa9a96d4614_____2023-04-01 12:10:56.849231+05:30", "action_flag": 2, "change_message": "[{\"changed\": {\"fields\": [\"IsPaid\"]}}]"}}, {"model": "admin.logentry", "pk": 61, "fields": {"action_time": "2023-04-01T07:19:21.267Z", "user": 1, "content_type": 11, "object_id": "26b22eba-2b15-4def-a1a0-1aa9a96d4614", "object_repr": "26b22eba-2b15-4def-a1a0-1aa9a96d4614_____2023-04-01 12:10:56.849231+05:30", "action_flag": 2, "change_message": "[{\"changed\": {\"fields\": [\"IsPaid\"]}}]"}}, {"model": "admin.logentry", "pk": 62, "fields": {"action_time": "2023-04-01T07:21:31.863Z", "user": 1, "content_type": 11, "object_id": "26b22eba-2b15-4def-a1a0-1aa9a96d4614", "object_repr": "26b22eba-2b15-4def-a1a0-1aa9a96d4614_____2023-04-01 12:10:56.849231+05:30", "action_flag": 2, "change_message": "[{\"changed\": {\"fields\": [\"IsPaid\"]}}]"}}, {"model": "admin.logentry", "pk": 63, "fields": {"action_time": "2023-04-01T07:27:22.157Z", "user": 1, "content_type": 11, "object_id": "26b22eba-2b15-4def-a1a0-1aa9a96d4614", "object_repr": "26b22eba-2b15-4def-a1a0-1aa9a96d4614_____2023-04-01 12:10:56.849231+05:30", "action_flag": 2, "change_message": "[{\"changed\": {\"fields\": [\"IsPaid\", \"PaidAt\"]}}]"}}, {"model": "admin.logentry", "pk": 64, "fields": {"action_time": "2023-04-01T07:29:18.923Z", "user": 1, "content_type": 11, "object_id": "26b22eba-2b15-4def-a1a0-1aa9a96d4614", "object_repr": "26b22eba-2b15-4def-a1a0-1aa9a96d4614_____2023-04-01 12:10:56.849231+05:30", "action_flag": 2, "change_message": "[{\"changed\": {\"fields\": [\"IsPaid\"]}}]"}}, {"model": "admin.logentry", "pk": 65, "fields": {"action_time": "2023-04-01T07:31:11.690Z", "user": 1, "content_type": 11, "object_id": "26b22eba-2b15-4def-a1a0-1aa9a96d4614", "object_repr": "26b22eba-2b15-4def-a1a0-1aa9a96d4614_____2023-04-01 12:10:56.849231+05:30", "action_flag": 2, "change_message": "[{\"changed\": {\"fields\": [\"IsPaid\"]}}]"}}, {"model": "admin.logentry", "pk": 66, "fields": {"action_time": "2023-04-01T07:40:30.438Z", "user": 1, "content_type": 11, "object_id": "26b22eba-2b15-4def-a1a0-1aa9a96d4614", "object_repr": "26b22eba-2b15-4def-a1a0-1aa9a96d4614_____2023-04-01 12:10:56.849231+05:30", "action_flag": 2, "change_message": "[{\"changed\": {\"fields\": [\"IsPaid\"]}}]"}}, {"model": "admin.logentry", "pk": 67, "fields": {"action_time": "2023-04-02T20:37:38.236Z", "user": 1, "content_type": 4, "object_id": "8", "object_repr": "shelly@tcs.com", "action_flag": 2, "change_message": "[{\"changed\": {\"fields\": [\"Staff status\"]}}]"}}, {"model": "admin.logentry", "pk": 68, "fields": {"action_time": "2023-04-02T20:53:54.470Z", "user": 1, "content_type": 4, "object_id": "8", "object_repr": "shelly@tcs.com", "action_flag": 2, "change_message": "[{\"changed\": {\"fields\": [\"Staff status\"]}}]"}}, {"model": "admin.logentry", "pk": 69, "fields": {"action_time": "2023-04-02T20:54:07.634Z", "user": 1, "content_type": 4, "object_id": "8", "object_repr": "shelly@tcs.com", "action_flag": 2, "change_message": "[{\"changed\": {\"fields\": [\"Staff status\"]}}]"}}, {"model": "admin.logentry", "pk": 70, "fields": {"action_time": "2023-04-02T21:37:34.326Z", "user": 1, "content_type": 4, "object_id": "8", "object_repr": "shelly@tcs.com", "action_flag": 2, "change_message": "[{\"changed\": {\"fields\": [\"Staff status\"]}}]"}}, {"model": "admin.logentry", "pk": 71, "fields": {"action_time": "2023-04-02T21:38:28.511Z", "user": 1, "content_type": 4, "object_id": "8", "object_repr": "shelly@tcs.com", "action_flag": 2, "change_message": "[{\"changed\": {\"fields\": [\"Staff status\"]}}]"}}, {"model": "admin.logentry", "pk": 72, "fields": {"action_time": "2023-04-02T22:53:12.705Z", "user": 1, "content_type": 4, "object_id": "20", "object_repr": "yuf@gmail.com", "action_flag": 1, "change_message": "[{\"added\": {}}]"}}, {"model": "admin.logentry", "pk": 73, "fields": {"action_time": "2023-04-02T22:54:36.874Z", "user": 1, "content_type": 4, "object_id": "2", "object_repr": "user@non.admin.com", "action_flag": 2, "change_message": "[{\"changed\": {\"fields\": [\"Staff status\"]}}]"}}, {"model": "admin.logentry", "pk": 74, "fields": {"action_time": "2023-04-02T22:54:47.220Z", "user": 1, "content_type": 4, "object_id": "2", "object_repr": "user@non.admin.com", "action_flag": 2, "change_message": "[{\"changed\": {\"fields\": [\"Staff status\"]}}]"}}, {"model": "admin.logentry", "pk": 75, "fields": {"action_time": "2023-04-02T22:54:57.765Z", "user": 1, "content_type": 4, "object_id": "22", "object_repr": "testuser12@gmail.com", "action_flag": 2, "change_message": "[{\"changed\": {\"fields\": [\"Staff status\"]}}]"}}, {"model": "admin.logentry", "pk": 76, "fields": {"action_time": "2023-04-04T05:39:09.131Z", "user": 1, "content_type": 11, "object_id": "8b6348f0-c5b8-4b85-8535-aa928548b28d", "object_repr": "8b6348f0-c5b8-4b85-8535-aa928548b28d_____2023-04-02 15:49:28.107550+05:30", "action_flag": 2, "change_message": "[{\"changed\": {\"fields\": [\"IsPaid\", \"PaidAt\"]}}]"}}, {"model": "admin.logentry", "pk": 77, "fields": {"action_time": "2023-04-04T05:39:42.347Z", "user": 1, "content_type": 11, "object_id": "8b6348f0-c5b8-4b85-8535-aa928548b28d", "object_repr": "8b6348f0-c5b8-4b85-8535-aa928548b28d_____2023-04-02 15:49:28.107550+05:30", "action_flag": 2, "change_message": "[{\"changed\": {\"fields\": [\"IsDelivered\"]}}]"}}, {"model": "admin.logentry", "pk": 78, "fields": {"action_time": "2023-04-04T05:39:54.308Z", "user": 1, "content_type": 11, "object_id": "8b6348f0-c5b8-4b85-8535-aa928548b28d", "object_repr": "8b6348f0-c5b8-4b85-8535-aa928548b28d_____2023-04-02 15:49:28.107550+05:30", "action_flag": 2, "change_message": "[{\"changed\": {\"fields\": [\"IsPaid\", \"PaidAt\"]}}]"}}, {"model": "admin.logentry", "pk": 79, "fields": {"action_time": "2023-04-04T05:40:26.326Z", "user": 1, "content_type": 11, "object_id": "8b6348f0-c5b8-4b85-8535-aa928548b28d", "object_repr": "8b6348f0-c5b8-4b85-8535-aa928548b28d_____2023-04-02 15:49:28.107550+05:30", "action_flag": 2, "change_message": "[{\"changed\": {\"fields\": [\"IsDelivered\"]}}]"}}, {"model": "admin.logentry", "pk": 80, "fields": {"action_time": "2023-04-17T02:05:54.577Z", "user": 1, "content_type": 4, "object_id": "8", "object_repr": "shelly@tcs.com", "action_flag": 2, "change_message": "[{\"changed\": {\"fields\": [\"Superuser status\"]}}]"}}, {"model": "admin.logentry", "pk": 81, "fields": {"action_time": "2023-04-17T02:06:08.115Z", "user": 1, "content_type": 4, "object_id": "8", "object_repr": "shelly@tcs.com", "action_flag": 2, "change_message": "[{\"changed\": {\"fields\": [\"Superuser status\"]}}]"}}, {"model": "admin.logentry", "pk": 82, "fields": {"action_time": "2023-04-17T02:55:56.881Z", "user": 1, "content_type": 7, "object_id": "cf992821-5a74-406f-8288-2a4de0d062b4", "object_repr": "Ipadefwerwwr", "action_flag": 3, "change_message": ""}}, {"model": "admin.logentry", "pk": 83, "fields": {"action_time": "2023-04-17T02:55:57.309Z", "user": 1, "content_type": 7, "object_id": "a6bbaa22-9915-487f-b15d-f0f57f072f22", "object_repr": "sample", "action_flag": 3, "change_message": ""}}, {"model": "admin.logentry", "pk": 84, "fields": {"action_time": "2023-04-17T02:55:57.394Z", "user": 1, "content_type": 7, "object_id": "610ef6d2-5085-4034-add5-cf5920334da6", "object_repr": "sample2", "action_flag": 3, "change_message": ""}}, {"model": "admin.logentry", "pk": 85, "fields": {"action_time": "2023-04-21T07:12:59.184Z", "user": 1, "content_type": 7, "object_id": "8d2f67e1-5be0-4cde-91e1-b951e4d4c22f", "object_repr": "sample", "action_flag": 1, "change_message": "[{\"added\": {}}]"}}, {"model": "admin.logentry", "pk": 86, "fields": {"action_time": "2023-04-22T05:01:57.017Z", "user": 1, "content_type": 9, "object_id": "0233b39a-27bf-4ff7-8283-8d62fe4aa33b", "object_repr": "0", "action_flag": 3, "change_message": ""}}, {"model": "admin.logentry", "pk": 87, "fields": {"action_time": "2023-04-29T04:17:15.053Z", "user": 1, "content_type": 7, "object_id": "fcf1cefd-1de4-4ab6-b159-b2404b0591a0", "object_repr": "Apple Watch 6/images/placeholder.png", "action_flag": 3, "change_message": ""}}, {"model": "admin.logentry", "pk": 88, "fields": {"action_time": "2023-04-29T04:17:15.236Z", "user": 1, "content_type": 7, "object_id": "f3c8a91b-51c5-4604-a389-b0167489b215", "object_repr": "Mi PowerBank II/images/placeholder.png", "action_flag": 3, "change_message": ""}}, {"model": "admin.logentry", "pk": 89, "fields": {"action_time": "2023-04-29T04:17:15.410Z", "user": 1, "content_type": 7, "object_id": "f3182c1d-bc30-47d9-9c59-bde37bb86095", "object_repr": "Google Chromecast 3 Media Streaming Device  (Black)/images/placeholder.png", "action_flag": 3, "change_message": ""}}, {"model": "admin.logentry", "pk": 90, "fields": {"action_time": "2023-04-29T04:17:15.642Z", "user": 1, "content_type": 7, "object_id": "f0223818-3cdb-405d-ab88-9c97c2f4980b", "object_repr": "Google Chromecast 3 Media Streaming Device  (Black)/images/placeholder.png", "action_flag": 3, "change_message": ""}}, {"model": "admin.logentry", "pk": 91, "fields": {"action_time": "2023-04-29T04:17:15.815Z", "user": 1, "content_type": 7, "object_id": "ef58e869-140b-47a5-933f-421a552ff6b9", "object_repr": "Redmi Note 5/images/placeholder.png", "action_flag": 3, "change_message": ""}}, {"model": "admin.logentry", "pk": 92, "fields": {"action_time": "2023-04-29T04:17:16.024Z", "user": 1, "content_type": 7, "object_id": "e9046443-7216-4ad7-a48b-ba79cb968b2d", "object_repr": "TP Link Router/images/placeholder.png", "action_flag": 3, "change_message": ""}}, {"model": "admin.logentry", "pk": 93, "fields": {"action_time": "2023-04-29T04:17:16.174Z", "user": 1, "content_type": 7, "object_id": "e8def037-15d8-4f64-a03a-60a05efd121c", "object_repr": "Sony Walkmann/images/placeholder.png", "action_flag": 3, "change_message": ""}}, {"model": "admin.logentry", "pk": 94, "fields": {"action_time": "2023-04-29T04:17:16.348Z", "user": 1, "content_type": 7, "object_id": "e75e361d-37ac-4231-a95f-ca0707b4d43f", "object_repr": "Apple Watch 6/images/placeholder.png", "action_flag": 3, "change_message": ""}}, {"model": "admin.logentry", "pk": 95, "fields": {"action_time": "2023-04-29T04:17:16.556Z", "user": 1, "content_type": 7, "object_id": "dde9b949-bbfd-4807-8a0e-fc93dcf0d4cc", "object_repr": "Sony Bravia/images/placeholder.png", "action_flag": 3, "change_message": ""}}, {"model": "admin.logentry", "pk": 96, "fields": {"action_time": "2023-04-29T04:17:16.729Z", "user": 1, "content_type": 7, "object_id": "ce921ff9-860f-4062-ad3e-bbe33c1ded1c", "object_repr": "Oculus Quest 2 Virtual Reality Headset/images/placeholder.png", "action_flag": 3, "change_message": ""}}, {"model": "admin.logentry", "pk": 97, "fields": {"action_time": "2023-04-29T04:17:16.847Z", "user": 1, "content_type": 7, "object_id": "cba110e7-cca9-4f05-8a3f-a2f23210514e", "object_repr": "TP Link Repeater/images/placeholder.png", "action_flag": 3, "change_message": ""}}, {"model": "admin.logentry", "pk": 98, "fields": {"action_time": "2023-04-29T04:17:16.977Z", "user": 1, "content_type": 7, "object_id": "cae1db7f-422c-48a0-83b2-4ea83eaafb1e", "object_repr": "Sony Home Theatre 5.1/images/placeholder.png", "action_flag": 3, "change_message": ""}}, {"model": "admin.logentry", "pk": 99, "fields": {"action_time": "2023-04-29T04:17:17.151Z", "user": 1, "content_type": 7, "object_id": "c37afa35-476f-4764-80fb-96df52f7c3bd", "object_repr": "Apple Watch 6/images/placeholder.png", "action_flag": 3, "change_message": ""}}, {"model": "admin.logentry", "pk": 100, "fields": {"action_time": "2023-04-29T04:17:17.304Z", "user": 1, "content_type": 7, "object_id": "c259b243-ae29-4b57-920d-e69b5e843228", "object_repr": "TP Link Repeater/images/placeholder.png", "action_flag": 3, "change_message": ""}}, {"model": "admin.logentry", "pk": 101, "fields": {"action_time": "2023-04-29T04:17:17.476Z", "user": 1, "content_type": 7, "object_id": "c20bad17-3588-42ae-b20a-b7bfca243dbb", "object_repr": "Mi PowerBank II/images/placeholder.png", "action_flag": 3, "change_message": ""}}, {"model": "admin.logentry", "pk": 102, "fields": {"action_time": "2023-04-29T04:17:17.629Z", "user": 1, "content_type": 7, "object_id": "bc99569e-d06e-4ede-ae3e-dc1694efd87b", "object_repr": "Mi PowerBank II/images/placeholder.png", "action_flag": 3, "change_message": ""}}, {"model": "admin.logentry", "pk": 103, "fields": {"action_time": "2023-04-29T04:17:17.780Z", "user": 1, "content_type": 7, "object_id": "b6238a41-499f-45a2-a7e8-6b72d639f271", "object_repr": "Sennheiser HD 458 ANC Foldable Bluetooth Wireless Over Ear Headphones with Mic/images/placeholder.png", "action_flag": 3, "change_message": ""}}, {"model": "admin.logentry", "pk": 104, "fields": {"action_time": "2023-04-29T04:17:17.954Z", "user": 1, "content_type": 7, "object_id": "b4f4876a-abf5-4af1-8e98-515bdc092e2d", "object_repr": "Sony Home Theatre 5.1/images/placeholder.png", "action_flag": 3, "change_message": ""}}, {"model": "admin.logentry", "pk": 105, "fields": {"action_time": "2023-04-29T04:17:18.116Z", "user": 1, "content_type": 7, "object_id": "b1d91d6a-7162-42ab-a257-75d0bbd272af", "object_repr": "Google Chromecast 3 Media Streaming Device  (Black)/images/placeholder.png", "action_flag": 3, "change_message": ""}}, {"model": "admin.logentry", "pk": 106, "fields": {"action_time": "2023-04-29T04:17:18.256Z", "user": 1, "content_type": 7, "object_id": "ab95be39-68dd-4aef-843c-5c5061cc6b12", "object_repr": "Sony Home Theatre 5.1/images/placeholder.png", "action_flag": 3, "change_message": ""}}, {"model": "admin.logentry", "pk": 107, "fields": {"action_time": "2023-04-29T04:17:18.397Z", "user": 1, "content_type": 7, "object_id": "a89027cd-38bd-4bc2-af63-e23a74290c21", "object_repr": "Redmi Note 5/images/placeholder.png", "action_flag": 3, "change_message": ""}}, {"model": "admin.logentry", "pk": 108, "fields": {"action_time": "2023-04-29T04:17:18.548Z", "user": 1, "content_type": 7, "object_id": "a5cd0c2c-8fd8-467e-abeb-52283a93ce17", "object_repr": "Sony Bravia/images/placeholder.png", "action_flag": 3, "change_message": ""}}, {"model": "admin.logentry", "pk": 109, "fields": {"action_time": "2023-04-29T04:17:18.722Z", "user": 1, "content_type": 7, "object_id": "a5570aa0-d67f-40e7-9be6-1f7afa3ce47c", "object_repr": "Oculus Quest 2 Virtual Reality Headset/images/placeholder.png", "action_flag": 3, "change_message": ""}}, {"model": "admin.logentry", "pk": 110, "fields": {"action_time": "2023-04-29T04:17:18.896Z", "user": 1, "content_type": 7, "object_id": "9b1a4bab-ce19-4d37-befd-aacd877483aa", "object_repr": "Sennheiser HD 458 ANC Foldable Bluetooth Wireless Over Ear Headphones with Mic/images/placeholder.png", "action_flag": 3, "change_message": ""}}, {"model": "admin.logentry", "pk": 111, "fields": {"action_time": "2023-04-29T04:17:19.092Z", "user": 1, "content_type": 7, "object_id": "9a5dec62-21ac-4035-a809-0162083afab9", "object_repr": "Sony Bravia/images/placeholder.png", "action_flag": 3, "change_message": ""}}, {"model": "admin.logentry", "pk": 112, "fields": {"action_time": "2023-04-29T04:17:19.288Z", "user": 1, "content_type": 7, "object_id": "95835981-795e-40c9-9723-d28bc18258cb", "object_repr": "Apple Watch 6/images/placeholder.png", "action_flag": 3, "change_message": ""}}, {"model": "admin.logentry", "pk": 113, "fields": {"action_time": "2023-04-29T04:17:19.451Z", "user": 1, "content_type": 7, "object_id": "921de888-d4d3-402c-ae6f-d141488aeaa1", "object_repr": "Google Chromecast 3 Media Streaming Device  (Black)/images/placeholder.png", "action_flag": 3, "change_message": ""}}, {"model": "admin.logentry", "pk": 114, "fields": {"action_time": "2023-04-29T04:17:19.581Z", "user": 1, "content_type": 7, "object_id": "8d5a304b-58e4-49e7-99d6-1488b2f03683", "object_repr": "Mi PowerBank II/images/placeholder.png", "action_flag": 3, "change_message": ""}}, {"model": "admin.logentry", "pk": 115, "fields": {"action_time": "2023-04-29T04:17:19.732Z", "user": 1, "content_type": 7, "object_id": "8ccff90b-9ea1-4ade-870f-34052a6dfe43", "object_repr": "Sony Bravia/images/placeholder.png", "action_flag": 3, "change_message": ""}}, {"model": "admin.logentry", "pk": 116, "fields": {"action_time": "2023-04-29T04:17:19.951Z", "user": 1, "content_type": 7, "object_id": "7dcb0bd8-bbc5-48b3-82aa-6a811e996201", "object_repr": "TP Link Router/images/placeholder.png", "action_flag": 3, "change_message": ""}}, {"model": "admin.logentry", "pk": 117, "fields": {"action_time": "2023-04-29T04:18:39.340Z", "user": 1, "content_type": 7, "object_id": "8d847e7f-0965-49ac-8e81-f4e51b55177e", "object_repr": "Sennheiser HD 458 ANC Foldable Bluetooth Wireless Over Ear Headphones with Mic/images/placeholder.png", "action_flag": 3, "change_message": ""}}, {"model": "admin.logentry", "pk": 118, "fields": {"action_time": "2023-04-29T04:18:39.561Z", "user": 1, "content_type": 7, "object_id": "7d645b6b-2c2d-4b89-9f31-c0480e3c6fc4", "object_repr": "Sony Bravia/images/placeholder.png", "action_flag": 3, "change_message": ""}}, {"model": "admin.logentry", "pk": 119, "fields": {"action_time": "2023-04-29T04:18:39.779Z", "user": 1, "content_type": 7, "object_id": "788fb5dd-ff65-4c7a-8030-386ef93486b7", "object_repr": "TP Link Repeater/images/placeholder.png", "action_flag": 3, "change_message": ""}}, {"model": "admin.logentry", "pk": 120, "fields": {"action_time": "2023-04-29T04:18:39.953Z", "user": 1, "content_type": 7, "object_id": "72db044f-48b5-459e-a9ae-07486af4f2a8", "object_repr": "TP Link Repeater/images/placeholder.png", "action_flag": 3, "change_message": ""}}, {"model": "admin.logentry", "pk": 121, "fields": {"action_time": "2023-04-29T04:18:40.138Z", "user": 1, "content_type": 7, "object_id": "633f306b-1479-4a9a-9965-2ac828bfc0cd", "object_repr": "Sennheiser HD 458 ANC Foldable Bluetooth Wireless Over Ear Headphones with Mic/images/placeholder.png", "action_flag": 3, "change_message": ""}}, {"model": "admin.logentry", "pk": 122, "fields": {"action_time": "2023-04-29T04:18:40.312Z", "user": 1, "content_type": 7, "object_id": "60114b39-c6ab-40a4-b38a-a5e3d0998135", "object_repr": "TP Link Router/images/placeholder.png", "action_flag": 3, "change_message": ""}}, {"model": "admin.logentry", "pk": 123, "fields": {"action_time": "2023-04-29T04:18:40.508Z", "user": 1, "content_type": 7, "object_id": "5eb8433e-38dc-4cf3-b023-90c57c459873", "object_repr": "Oculus Quest 2 Virtual Reality Headset/images/placeholder.png", "action_flag": 3, "change_message": ""}}, {"model": "admin.logentry", "pk": 124, "fields": {"action_time": "2023-04-29T04:18:40.660Z", "user": 1, "content_type": 7, "object_id": "4e72221c-57db-460b-bfb3-93080ee7c32f", "object_repr": "Sony Walkmann/images/placeholder.png", "action_flag": 3, "change_message": ""}}, {"model": "admin.logentry", "pk": 125, "fields": {"action_time": "2023-04-29T04:18:40.925Z", "user": 1, "content_type": 7, "object_id": "48e2970f-f585-4ef9-9a86-06f8a6339798", "object_repr": "Sennheiser HD 458 ANC Foldable Bluetooth Wireless Over Ear Headphones with Mic/images/placeholder.png", "action_flag": 3, "change_message": ""}}, {"model": "admin.logentry", "pk": 126, "fields": {"action_time": "2023-04-29T04:18:41.132Z", "user": 1, "content_type": 7, "object_id": "47dfca2c-fdb9-49df-a459-25749b8297d0", "object_repr": "Google Chromecast 3 Media Streaming Device  (Black)/images/placeholder.png", "action_flag": 3, "change_message": ""}}, {"model": "admin.logentry", "pk": 127, "fields": {"action_time": "2023-04-29T04:18:41.317Z", "user": 1, "content_type": 7, "object_id": "467fe5b1-0816-4654-8a5f-e974cf0c6bd2", "object_repr": "Redmi Note 5/images/placeholder.png", "action_flag": 3, "change_message": ""}}, {"model": "admin.logentry", "pk": 128, "fields": {"action_time": "2023-04-29T04:18:41.480Z", "user": 1, "content_type": 7, "object_id": "42b54005-a77f-4297-87dd-dc6c2d3b885b", "object_repr": "Apple Watch 6/images/placeholder.png", "action_flag": 3, "change_message": ""}}, {"model": "admin.logentry", "pk": 129, "fields": {"action_time": "2023-04-29T04:18:41.676Z", "user": 1, "content_type": 7, "object_id": "41515061-627f-47b5-aba0-3ed01f18c64c", "object_repr": "Oculus Quest 2 Virtual Reality Headset/images/placeholder.png", "action_flag": 3, "change_message": ""}}, {"model": "admin.logentry", "pk": 130, "fields": {"action_time": "2023-04-29T04:18:41.861Z", "user": 1, "content_type": 7, "object_id": "40d6b8c8-1a04-499f-91ae-9b56da4c7f48", "object_repr": "Sony Bravia/images/placeholder.png", "action_flag": 3, "change_message": ""}}, {"model": "admin.logentry", "pk": 131, "fields": {"action_time": "2023-04-29T04:18:42.035Z", "user": 1, "content_type": 7, "object_id": "3dd196c7-e83d-47e8-9ada-6663282f646a", "object_repr": "TP Link Repeater/images/placeholder.png", "action_flag": 3, "change_message": ""}}, {"model": "admin.logentry", "pk": 132, "fields": {"action_time": "2023-04-29T04:18:42.186Z", "user": 1, "content_type": 7, "object_id": "3c0f29a7-9b31-4769-aa1b-e2df5720dce1", "object_repr": "Redmi Note 5/images/placeholder.png", "action_flag": 3, "change_message": ""}}, {"model": "admin.logentry", "pk": 133, "fields": {"action_time": "2023-04-29T04:18:42.349Z", "user": 1, "content_type": 7, "object_id": "39edd7aa-1785-42c6-9274-cac0c42a443f", "object_repr": "Apple Watch 6/images/placeholder.png", "action_flag": 3, "change_message": ""}}, {"model": "admin.logentry", "pk": 134, "fields": {"action_time": "2023-04-29T04:18:42.523Z", "user": 1, "content_type": 7, "object_id": "2e4c75c5-ec24-40bd-b21c-93b2d46fe2bd", "object_repr": "Sony Home Theatre 5.1/images/placeholder.png", "action_flag": 3, "change_message": ""}}, {"model": "admin.logentry", "pk": 135, "fields": {"action_time": "2023-04-29T04:18:42.697Z", "user": 1, "content_type": 7, "object_id": "2625436e-6384-4c4b-b199-95f427c70dd2", "object_repr": "Oculus Quest 2 Virtual Reality Headset/images/placeholder.png", "action_flag": 3, "change_message": ""}}, {"model": "admin.logentry", "pk": 136, "fields": {"action_time": "2023-04-29T04:18:42.915Z", "user": 1, "content_type": 7, "object_id": "260de578-ca7b-4490-920f-128f07e45c81", "object_repr": "Sennheiser HD 458 ANC Foldable Bluetooth Wireless Over Ear Headphones with Mic/images/placeholder.png", "action_flag": 3, "change_message": ""}}, {"model": "admin.logentry", "pk": 137, "fields": {"action_time": "2023-04-29T04:18:43.067Z", "user": 1, "content_type": 7, "object_id": "2516628f-a435-4f39-a88a-0d7ced2d336b", "object_repr": "TP Link Router/images/placeholder.png", "action_flag": 3, "change_message": ""}}, {"model": "admin.logentry", "pk": 138, "fields": {"action_time": "2023-04-29T04:18:43.229Z", "user": 1, "content_type": 7, "object_id": "230a1fd0-8266-42ed-9f2d-981172ae2e10", "object_repr": "Sony Walkmann/images/placeholder.png", "action_flag": 3, "change_message": ""}}, {"model": "admin.logentry", "pk": 139, "fields": {"action_time": "2023-04-29T04:18:43.382Z", "user": 1, "content_type": 7, "object_id": "22770791-99ca-4ed4-94d3-75a9597092fb", "object_repr": "Sony Walkmann/images/placeholder.png", "action_flag": 3, "change_message": ""}}, {"model": "admin.logentry", "pk": 140, "fields": {"action_time": "2023-04-29T04:18:43.555Z", "user": 1, "content_type": 7, "object_id": "1f691bf6-cd44-403e-b11d-0bb9308d4b99", "object_repr": "Mi PowerBank II/images/placeholder.png", "action_flag": 3, "change_message": ""}}, {"model": "admin.logentry", "pk": 141, "fields": {"action_time": "2023-04-29T04:18:43.741Z", "user": 1, "content_type": 7, "object_id": "1dcad86e-31f0-4b08-933d-4fb6f2030b04", "object_repr": "Sony Walkmann/images/placeholder.png", "action_flag": 3, "change_message": ""}}, {"model": "admin.logentry", "pk": 142, "fields": {"action_time": "2023-04-29T04:18:43.892Z", "user": 1, "content_type": 7, "object_id": "1b2bbe6b-a4b7-43a6-8e77-861258d6367f", "object_repr": "Redmi Note 5/images/placeholder.png", "action_flag": 3, "change_message": ""}}, {"model": "admin.logentry", "pk": 143, "fields": {"action_time": "2023-04-29T04:18:44.010Z", "user": 1, "content_type": 7, "object_id": "17e42a07-ebff-4a58-8e01-15b5538e50da", "object_repr": "TP Link Router/images/placeholder.png", "action_flag": 3, "change_message": ""}}, {"model": "admin.logentry", "pk": 144, "fields": {"action_time": "2023-04-29T04:18:44.195Z", "user": 1, "content_type": 7, "object_id": "116e560e-3793-488f-b327-32525e51f4d2", "object_repr": "Oculus Quest 2 Virtual Reality Headset/images/placeholder.png", "action_flag": 3, "change_message": ""}}, {"model": "admin.logentry", "pk": 145, "fields": {"action_time": "2023-04-29T04:18:44.347Z", "user": 1, "content_type": 7, "object_id": "0899e0ed-56de-43cd-91dc-ae828490b880", "object_repr": "Sony Home Theatre 5.1/images/placeholder.png", "action_flag": 3, "change_message": ""}}, {"model": "admin.logentry", "pk": 146, "fields": {"action_time": "2023-04-29T04:18:44.520Z", "user": 1, "content_type": 7, "object_id": "0056dfd1-9b4a-4c35-b49c-f1a01e17f98c", "object_repr": "Sony Home Theatre 5.1/images/placeholder.png", "action_flag": 3, "change_message": ""}}, {"model": "admin.logentry", "pk": 147, "fields": {"action_time": "2023-04-29T04:18:41.340Z", "user": 1, "content_type": 7, "object_id": "8d847e7f-0965-49ac-8e81-f4e51b55177e", "object_repr": "Sennheiser HD 458 ANC Foldable Bluetooth Wireless Over Ear Headphones with Mic/images/placeholder.png", "action_flag": 3, "change_message": ""}}, {"model": "admin.logentry", "pk": 148, "fields": {"action_time": "2023-04-29T04:18:45.042Z", "user": 1, "content_type": 7, "object_id": "7d645b6b-2c2d-4b89-9f31-c0480e3c6fc4", "object_repr": "Sony Bravia/images/placeholder.png", "action_flag": 3, "change_message": ""}}, {"model": "admin.logentry", "pk": 149, "fields": {"action_time": "2023-04-29T04:18:45.227Z", "user": 1, "content_type": 7, "object_id": "788fb5dd-ff65-4c7a-8030-386ef93486b7", "object_repr": "TP Link Repeater/images/placeholder.png", "action_flag": 3, "change_message": ""}}, {"model": "admin.logentry", "pk": 150, "fields": {"action_time": "2023-04-29T04:18:45.390Z", "user": 1, "content_type": 7, "object_id": "72db044f-48b5-459e-a9ae-07486af4f2a8", "object_repr": "TP Link Repeater/images/placeholder.png", "action_flag": 3, "change_message": ""}}, {"model": "admin.logentry", "pk": 151, "fields": {"action_time": "2023-04-29T04:18:45.597Z", "user": 1, "content_type": 7, "object_id": "633f306b-1479-4a9a-9965-2ac828bfc0cd", "object_repr": "Sennheiser HD 458 ANC Foldable Bluetooth Wireless Over Ear Headphones with Mic/images/placeholder.png", "action_flag": 3, "change_message": ""}}, {"model": "admin.logentry", "pk": 152, "fields": {"action_time": "2023-04-29T04:18:45.832Z", "user": 1, "content_type": 7, "object_id": "60114b39-c6ab-40a4-b38a-a5e3d0998135", "object_repr": "TP Link Router/images/placeholder.png", "action_flag": 3, "change_message": ""}}, {"model": "admin.logentry", "pk": 153, "fields": {"action_time": "2023-04-29T04:18:46.065Z", "user": 1, "content_type": 7, "object_id": "5eb8433e-38dc-4cf3-b023-90c57c459873", "object_repr": "Oculus Quest 2 Virtual Reality Headset/images/placeholder.png", "action_flag": 3, "change_message": ""}}, {"model": "admin.logentry", "pk": 154, "fields": {"action_time": "2023-04-29T04:18:46.218Z", "user": 1, "content_type": 7, "object_id": "4e72221c-57db-460b-bfb3-93080ee7c32f", "object_repr": "Sony Walkmann/images/placeholder.png", "action_flag": 3, "change_message": ""}}, {"model": "admin.logentry", "pk": 155, "fields": {"action_time": "2023-04-29T04:18:46.359Z", "user": 1, "content_type": 7, "object_id": "48e2970f-f585-4ef9-9a86-06f8a6339798", "object_repr": "Sennheiser HD 458 ANC Foldable Bluetooth Wireless Over Ear Headphones with Mic/images/placeholder.png", "action_flag": 3, "change_message": ""}}, {"model": "admin.logentry", "pk": 156, "fields": {"action_time": "2023-04-29T04:18:46.578Z", "user": 1, "content_type": 7, "object_id": "47dfca2c-fdb9-49df-a459-25749b8297d0", "object_repr": "Google Chromecast 3 Media Streaming Device  (Black)/images/placeholder.png", "action_flag": 3, "change_message": ""}}, {"model": "admin.logentry", "pk": 157, "fields": {"action_time": "2023-04-29T04:18:46.720Z", "user": 1, "content_type": 7, "object_id": "467fe5b1-0816-4654-8a5f-e974cf0c6bd2", "object_repr": "Redmi Note 5/images/placeholder.png", "action_flag": 3, "change_message": ""}}, {"model": "admin.logentry", "pk": 158, "fields": {"action_time": "2023-04-29T04:18:46.848Z", "user": 1, "content_type": 7, "object_id": "42b54005-a77f-4297-87dd-dc6c2d3b885b", "object_repr": "Apple Watch 6/images/placeholder.png", "action_flag": 3, "change_message": ""}}, {"model": "admin.logentry", "pk": 159, "fields": {"action_time": "2023-04-29T04:18:47.000Z", "user": 1, "content_type": 7, "object_id": "41515061-627f-47b5-aba0-3ed01f18c64c", "object_repr": "Oculus Quest 2 Virtual Reality Headset/images/placeholder.png", "action_flag": 3, "change_message": ""}}, {"model": "admin.logentry", "pk": 160, "fields": {"action_time": "2023-04-29T04:18:47.119Z", "user": 1, "content_type": 7, "object_id": "40d6b8c8-1a04-499f-91ae-9b56da4c7f48", "object_repr": "Sony Bravia/images/placeholder.png", "action_flag": 3, "change_message": ""}}, {"model": "admin.logentry", "pk": 161, "fields": {"action_time": "2023-04-29T04:18:47.193Z", "user": 1, "content_type": 7, "object_id": "3dd196c7-e83d-47e8-9ada-6663282f646a", "object_repr": "TP Link Repeater/images/placeholder.png", "action_flag": 3, "change_message": ""}}, {"model": "admin.logentry", "pk": 162, "fields": {"action_time": "2023-04-29T04:18:47.300Z", "user": 1, "content_type": 7, "object_id": "3c0f29a7-9b31-4769-aa1b-e2df5720dce1", "object_repr": "Redmi Note 5/images/placeholder.png", "action_flag": 3, "change_message": ""}}, {"model": "admin.logentry", "pk": 163, "fields": {"action_time": "2023-04-29T04:18:47.440Z", "user": 1, "content_type": 7, "object_id": "39edd7aa-1785-42c6-9274-cac0c42a443f", "object_repr": "Apple Watch 6/images/placeholder.png", "action_flag": 3, "change_message": ""}}, {"model": "admin.logentry", "pk": 164, "fields": {"action_time": "2023-04-29T04:18:47.637Z", "user": 1, "content_type": 7, "object_id": "2e4c75c5-ec24-40bd-b21c-93b2d46fe2bd", "object_repr": "Sony Home Theatre 5.1/images/placeholder.png", "action_flag": 3, "change_message": ""}}, {"model": "admin.logentry", "pk": 165, "fields": {"action_time": "2023-04-29T04:18:47.788Z", "user": 1, "content_type": 7, "object_id": "2625436e-6384-4c4b-b199-95f427c70dd2", "object_repr": "Oculus Quest 2 Virtual Reality Headset/images/placeholder.png", "action_flag": 3, "change_message": ""}}, {"model": "admin.logentry", "pk": 166, "fields": {"action_time": "2023-04-29T04:18:47.894Z", "user": 1, "content_type": 7, "object_id": "260de578-ca7b-4490-920f-128f07e45c81", "object_repr": "Sennheiser HD 458 ANC Foldable Bluetooth Wireless Over Ear Headphones with Mic/images/placeholder.png", "action_flag": 3, "change_message": ""}}, {"model": "admin.logentry", "pk": 167, "fields": {"action_time": "2023-04-29T04:18:48.005Z", "user": 1, "content_type": 7, "object_id": "2516628f-a435-4f39-a88a-0d7ced2d336b", "object_repr": "TP Link Router/images/placeholder.png", "action_flag": 3, "change_message": ""}}, {"model": "admin.logentry", "pk": 168, "fields": {"action_time": "2023-04-29T04:18:48.131Z", "user": 1, "content_type": 7, "object_id": "230a1fd0-8266-42ed-9f2d-981172ae2e10", "object_repr": "Sony Walkmann/images/placeholder.png", "action_flag": 3, "change_message": ""}}, {"model": "admin.logentry", "pk": 169, "fields": {"action_time": "2023-04-29T04:18:48.250Z", "user": 1, "content_type": 7, "object_id": "22770791-99ca-4ed4-94d3-75a9597092fb", "object_repr": "Sony Walkmann/images/placeholder.png", "action_flag": 3, "change_message": ""}}, {"model": "admin.logentry", "pk": 170, "fields": {"action_time": "2023-04-29T04:18:48.357Z", "user": 1, "content_type": 7, "object_id": "1f691bf6-cd44-403e-b11d-0bb9308d4b99", "object_repr": "Mi PowerBank II/images/placeholder.png", "action_flag": 3, "change_message": ""}}, {"model": "admin.logentry", "pk": 171, "fields": {"action_time": "2023-04-29T04:18:48.476Z", "user": 1, "content_type": 7, "object_id": "1dcad86e-31f0-4b08-933d-4fb6f2030b04", "object_repr": "Sony Walkmann/images/placeholder.png", "action_flag": 3, "change_message": ""}}, {"model": "admin.logentry", "pk": 172, "fields": {"action_time": "2023-04-29T04:18:48.605Z", "user": 1, "content_type": 7, "object_id": "1b2bbe6b-a4b7-43a6-8e77-861258d6367f", "object_repr": "Redmi Note 5/images/placeholder.png", "action_flag": 3, "change_message": ""}}, {"model": "admin.logentry", "pk": 173, "fields": {"action_time": "2023-04-29T04:18:48.735Z", "user": 1, "content_type": 7, "object_id": "17e42a07-ebff-4a58-8e01-15b5538e50da", "object_repr": "TP Link Router/images/placeholder.png", "action_flag": 3, "change_message": ""}}, {"model": "admin.logentry", "pk": 174, "fields": {"action_time": "2023-04-29T04:18:48.886Z", "user": 1, "content_type": 7, "object_id": "116e560e-3793-488f-b327-32525e51f4d2", "object_repr": "Oculus Quest 2 Virtual Reality Headset/images/placeholder.png", "action_flag": 3, "change_message": ""}}, {"model": "admin.logentry", "pk": 175, "fields": {"action_time": "2023-04-29T04:18:48.993Z", "user": 1, "content_type": 7, "object_id": "0899e0ed-56de-43cd-91dc-ae828490b880", "object_repr": "Sony Home Theatre 5.1/images/placeholder.png", "action_flag": 3, "change_message": ""}}, {"model": "admin.logentry", "pk": 176, "fields": {"action_time": "2023-04-29T04:18:49.102Z", "user": 1, "content_type": 7, "object_id": "0056dfd1-9b4a-4c35-b49c-f1a01e17f98c", "object_repr": "Sony Home Theatre 5.1/images/placeholder.png", "action_flag": 3, "change_message": ""}}, {"model": "auth.permission", "pk": 1, "fields": {"name": "Can add log entry", "content_type": 1, "codename": "add_logentry"}}, {"model": "auth.permission", "pk": 2, "fields": {"name": "Can change log entry", "content_type": 1, "codename": "change_logentry"}}, {"model": "auth.permission", "pk": 3, "fields": {"name": "Can delete log entry", "content_type": 1, "codename": "delete_logentry"}}, {"model": "auth.permission", "pk": 4, "fields": {"name": "Can view log entry", "content_type": 1, "codename": "view_logentry"}}, {"model": "auth.permission", "pk": 5, "fields": {"name": "Can add permission", "content_type": 2, "codename": "add_permission"}}, {"model": "auth.permission", "pk": 6, "fields": {"name": "Can change permission", "content_type": 2, "codename": "change_permission"}}, {"model": "auth.permission", "pk": 7, "fields": {"name": "Can delete permission", "content_type": 2, "codename": "delete_permission"}}, {"model": "auth.permission", "pk": 8, "fields": {"name": "Can view permission", "content_type": 2, "codename": "view_permission"}}, {"model": "auth.permission", "pk": 9, "fields": {"name": "Can add group", "content_type": 3, "codename": "add_group"}}, {"model": "auth.permission", "pk": 10, "fields": {"name": "Can change group", "content_type": 3, "codename": "change_group"}}, {"model": "auth.permission", "pk": 11, "fields": {"name": "Can delete group", "content_type": 3, "codename": "delete_group"}}, {"model": "auth.permission", "pk": 12, "fields": {"name": "Can view group", "content_type": 3, "codename": "view_group"}}, {"model": "auth.permission", "pk": 13, "fields": {"name": "Can add user", "content_type": 4, "codename": "add_user"}}, {"model": "auth.permission", "pk": 14, "fields": {"name": "Can change user", "content_type": 4, "codename": "change_user"}}, {"model": "auth.permission", "pk": 15, "fields": {"name": "Can delete user", "content_type": 4, "codename": "delete_user"}}, {"model": "auth.permission", "pk": 16, "fields": {"name": "Can view user", "content_type": 4, "codename": "view_user"}}, {"model": "auth.permission", "pk": 17, "fields": {"name": "Can add content type", "content_type": 5, "codename": "add_contenttype"}}, {"model": "auth.permission", "pk": 18, "fields": {"name": "Can change content type", "content_type": 5, "codename": "change_contenttype"}}, {"model": "auth.permission", "pk": 19, "fields": {"name": "Can delete content type", "content_type": 5, "codename": "delete_contenttype"}}, {"model": "auth.permission", "pk": 20, "fields": {"name": "Can view content type", "content_type": 5, "codename": "view_contenttype"}}, {"model": "auth.permission", "pk": 21, "fields": {"name": "Can add session", "content_type": 6, "codename": "add_session"}}, {"model": "auth.permission", "pk": 22, "fields": {"name": "Can change session", "content_type": 6, "codename": "change_session"}}, {"model": "auth.permission", "pk": 23, "fields": {"name": "Can delete session", "content_type": 6, "codename": "delete_session"}}, {"model": "auth.permission", "pk": 24, "fields": {"name": "Can view session", "content_type": 6, "codename": "view_session"}}, {"model": "auth.permission", "pk": 25, "fields": {"name": "Can add product", "content_type": 7, "codename": "add_product"}}, {"model": "auth.permission", "pk": 26, "fields": {"name": "Can change product", "content_type": 7, "codename": "change_product"}}, {"model": "auth.permission", "pk": 27, "fields": {"name": "Can delete product", "content_type": 7, "codename": "delete_product"}}, {"model": "auth.permission", "pk": 28, "fields": {"name": "Can view product", "content_type": 7, "codename": "view_product"}}, {"model": "auth.permission", "pk": 29, "fields": {"name": "Can add shipping address", "content_type": 8, "codename": "add_shippingaddress"}}, {"model": "auth.permission", "pk": 30, "fields": {"name": "Can change shipping address", "content_type": 8, "codename": "change_shippingaddress"}}, {"model": "auth.permission", "pk": 31, "fields": {"name": "Can delete shipping address", "content_type": 8, "codename": "delete_shippingaddress"}}, {"model": "auth.permission", "pk": 32, "fields": {"name": "Can view shipping address", "content_type": 8, "codename": "view_shippingaddress"}}, {"model": "auth.permission", "pk": 33, "fields": {"name": "Can add review", "content_type": 9, "codename": "add_review"}}, {"model": "auth.permission", "pk": 34, "fields": {"name": "Can change review", "content_type": 9, "codename": "change_review"}}, {"model": "auth.permission", "pk": 35, "fields": {"name": "Can delete review", "content_type": 9, "codename": "delete_review"}}, {"model": "auth.permission", "pk": 36, "fields": {"name": "Can view review", "content_type": 9, "codename": "view_review"}}, {"model": "auth.permission", "pk": 37, "fields": {"name": "Can add order item", "content_type": 10, "codename": "add_orderitem"}}, {"model": "auth.permission", "pk": 38, "fields": {"name": "Can change order item", "content_type": 10, "codename": "change_orderitem"}}, {"model": "auth.permission", "pk": 39, "fields": {"name": "Can delete order item", "content_type": 10, "codename": "delete_orderitem"}}, {"model": "auth.permission", "pk": 40, "fields": {"name": "Can view order item", "content_type": 10, "codename": "view_orderitem"}}, {"model": "auth.permission", "pk": 41, "fields": {"name": "Can add order", "content_type": 11, "codename": "add_order"}}, {"model": "auth.permission", "pk": 42, "fields": {"name": "Can change order", "content_type": 11, "codename": "change_order"}}, {"model": "auth.permission", "pk": 43, "fields": {"name": "Can delete order", "content_type": 11, "codename": "delete_order"}}, {"model": "auth.permission", "pk": 44, "fields": {"name": "Can view order", "content_type": 11, "codename": "view_order"}}, {"model": "auth.user", "pk": 1, "fields": {"password": "pbkdf2_sha256$390000$MTrEjtrzghw2Cf0nGBsch8$Wl1wF8tz9zZRLt1RGyUWPlcFkiw+G2+mK9+4dyHWUZo=", "last_login": "2023-04-27T03:01:46.535Z", "is_superuser": true, "username": "thor", "first_name": "Thor Odinson", "last_name": "", "email": "thorlov@gmail.com", "is_staff": true, "is_active": true, "date_joined": "2023-03-23T06:03:17Z", "groups": [], "user_permissions": []}}, {"model": "auth.user", "pk": 2, "fields": {"password": "pbkdf2_sha256$390000$fsXizb8CCHZ9Emn6M5PrbL$FjCZNYp+D4ihVQyFjv7dTgDGWjcuUGSuUsw1KVLvBqI=", "last_login": null, "is_superuser": false, "username": "user@non.admin.com", "first_name": "Non Admin", "last_name": "", "email": "user@non.admin.com", "is_staff": false, "is_active": true, "date_joined": "2023-03-26T10:38:44Z", "groups": [], "user_permissions": []}}, {"model": "auth.user", "pk": 8, "fields": {"password": "pbkdf2_sha256$390000$ZGiJlXaHlL7k739kHTQ11Z$I/RiFJSjw7N7lpzYHVwy4bgUNJ0u96yXtIqFNpf8R5s=", "last_login": null, "is_superuser": false, "username": "shelly@tcs.com", "first_name": "Shelly Bhattacharjee", "last_name": "", "email": "shelly@tcs.com", "is_staff": true, "is_active": true, "date_joined": "2023-03-28T11:28:25Z", "groups": [], "user_permissions": []}}, {"model": "auth.user", "pk": 23, "fields": {"password": "pbkdf2_sha256$390000$j849ujZXIsxCM6T2DsFDFV$7yPosTMpoO/Yp3HvU27EI6yjdHoUgV7zJWxDYMa3wAk=", "last_login": null, "is_superuser": false, "username": "testuser13@gmail.com", "first_name": "testuser11", "last_name": "", "email": "testuser13@gmail.com", "is_staff": false, "is_active": true, "date_joined": "2023-04-02T22:53:49.030Z", "groups": [], "user_permissions": []}}, {"model": "auth.user", "pk": 24, "fields": {"password": "pbkdf2_sha256$390000$M7GpFBAlLab5XMYR78XUMI$bEZV2VQdUTfC6h4Z1pdg49jQLJ0IZfXgibx9+hMRePY=", "last_login": null, "is_superuser": false, "username": "saumojit@tcs.com", "first_name": "Saumojit", "last_name": "", "email": "saumojit@tcs.com", "is_staff": true, "is_active": true, "date_joined": "2023-04-02T22:53:56.065Z", "groups": [], "user_permissions": []}}, {"model": "contenttypes.contenttype", "pk": 1, "fields": {"app_label": "admin", "model": "logentry"}}, {"model": "contenttypes.contenttype", "pk": 2, "fields": {"app_label": "auth", "model": "permission"}}, {"model": "contenttypes.contenttype", "pk": 3, "fields": {"app_label": "auth", "model": "group"}}, {"model": "contenttypes.contenttype", "pk": 4, "fields": {"app_label": "auth", "model": "user"}}, {"model": "contenttypes.contenttype", "pk": 5, "fields": {"app_label": "contenttypes", "model": "contenttype"}}, {"model": "contenttypes.contenttype", "pk": 6, "fields": {"app_label": "sessions", "model": "session"}}, {"model": "contenttypes.contenttype", "pk": 7, "fields": {"app_label": "base", "model": "product"}}, {"model": "contenttypes.contenttype", "pk": 8, "fields": {"app_label": "base", "model": "shippingaddress"}}, {"model": "contenttypes.contenttype", "pk": 9, "fields": {"app_label": "base", "model": "review"}}, {"model": "contenttypes.contenttype", "pk": 10, "fields": {"app_label": "base", "model": "orderitem"}}, {"model": "contenttypes.contenttype", "pk": 11, "fields": {"app_label": "base", "model": "order"}}, {"model": "sessions.session", "pk": "9hsuro5nsmz1j56vdn3wa4vvqtap5b9n", "fields": {"session_data": ".eJxVjEEOwiAQAP_C2RCgsoBH776hWdhFqgaS0p6MfzckPeh1ZjJvMeO-lXnvvM4LiYvQ4vTLIqYn1yHogfXeZGp1W5coRyIP2-WtEb-uR_s3KNjL2KasMnpAZczZqEBTitG6PJkEhCpgdD6rmIEDB4XW6wzApMFRsh6s-HwB8ng4NQ:1plaZO:4GmnNLwCibrdEetgaXh4LklUXZerJD9uV87din7Kock", "expire_date": "2023-04-23T19:19:22.932Z"}}, {"model": "sessions.session", "pk": "drcz5v1xwfjd0itjfm1ustvmvccw0u7r", "fields": {"session_data": ".eJxVjEEOwiAQAP_C2RCgsoBH776hWdhFqgaS0p6MfzckPeh1ZjJvMeO-lXnvvM4LiYvQ4vTLIqYn1yHogfXeZGp1W5coRyIP2-WtEb-uR_s3KNjL2KasMnpAZczZqEBTitG6PJkEhCpgdD6rmIEDB4XW6wzApMFRsh6s-HwB8ng4NQ:1prrtC:pQHeNHpFu7Vw2Pg3vLxSxf6Jplvm8dsg5XYnrYeP91c", "expire_date": "2023-05-11T03:01:46.620Z"}}, {"model": "sessions.session", "pk": "pr8ymjhy12hmj6tmo1tgmm7e3xhrwj93", "fields": {"session_data": ".eJxVjEEOwiAQAP_C2RCgsoBH776hWdhFqgaS0p6MfzckPeh1ZjJvMeO-lXnvvM4LiYvQ4vTLIqYn1yHogfXeZGp1W5coRyIP2-WtEb-uR_s3KNjL2KasMnpAZczZqEBTitG6PJkEhCpgdD6rmIEDB4XW6wzApMFRsh6s-HwB8ng4NQ:1pgMp9:5xrxVoqxFnvwtIZGtrranlVWX_vLZgap1MepwpMWMdA", "expire_date": "2023-04-09T09:38:03.012Z"}}, {"model": "base.product", "pk": "01bf8ce4-fd07-438a-89bb-3f826e523ec4", "fields": {"user": 8, "name": "TP Link Router", "image": "images_BkQ0XUY.jfif", "brand": "TP Link", "category": "Electronics", "description": "Router to Connect Lives", "rating": "0.00", "numReviews": 0, "price": "25.00", "countInStock": 26, "createdAt": "2023-04-28T10:00:20.564Z"}}, {"model": "base.product", "pk": "04d1ff0c-13c9-4f67-8671-3a5e76ea2927", "fields": {"user": 8, "name": "Apple Watch 6", "image": "Apple_watch-series-6-Aluminum-blue-case-close-up_09152020_big.jpg.large.jpg", "brand": "Apple", "category": "Electronics", "description": "Wrist Watch LED", "rating": "0.00", "numReviews": 0, "price": "777.00", "countInStock": 99, "createdAt": "2023-04-28T10:00:19.708Z"}}, {"model": "base.product", "pk": "09fd4c44-f009-4b19-ba63-ade5f6ec701b", "fields": {"user": 1, "name": "Sony Playstation 4 Pro White Version", "image": "playstation.jpg", "brand": "Sony", "category": "Electronics", "description": "The ultimate home entertainment center starts with PlayStation. Whether you are into gaming, HD movies, television, music", "rating": "5.00", "numReviews": 12, "price": "399.99", "countInStock": 44, "createdAt": "2023-03-24T13:48:42.433Z"}}, {"model": "base.product", "pk": "15788245-55b0-4f0d-8fe8-ef66d137629c", "fields": {"user": 8, "name": "Samsung S20FE5G", "image": "Galaxy-S20FE_5Color-Video-_Preview_MO.jpg", "brand": "Samsung", "category": "Electronics", "description": "5G Enabled 120 Hz Refresh Rate Snapdragon 820 Soc Powerful SmartPhone", "rating": "0.00", "numReviews": 0, "price": "500.00", "countInStock": 100, "createdAt": "2023-04-03T10:39:41.701Z"}}, {"model": "base.product", "pk": "207b0fee-f417-4596-a42c-362d66ef4412", "fields": {"user": 1, "name": "Cannon EOS 80D DSLR Camera", "image": "camera.jpg", "brand": "Cannon", "category": "Electronics", "description": "Characterized by versatile imaging specs, the Canon EOS 80D further clarifies itself using a pair of robust focusing systems and an intuitive design", "rating": "3.00", "numReviews": 12, "price": "929.99", "countInStock": 93, "createdAt": "2023-03-24T13:47:51.750Z"}}, {"model": "base.product", "pk": "37e05f6e-7e38-4c88-87ba-121112157c80", "fields": {"user": 1, "name": "iPhone 11 Pro 256GB Memory", "image": "Apple-iPhone13-Pro-alpine-green-hero-2up-220308_big_carousel.jpg.large.jpg", "brand": "Apple", "category": "Electronics", "description": "Introducing the iPhone 11 Pro. A transformative triple-camera system that adds tons of capability without complexity. An unprecedented leap in battery life", "rating": "4.00", "numReviews": 1, "price": "599.99", "countInStock": 1, "createdAt": "2023-03-24T13:46:59.855Z"}}, {"model": "base.product", "pk": "406d4542-319b-45d4-a269-e014728a9c2d", "fields": {"user": 8, "name": "Sony Walkmann", "image": "sony-original-walkman-tps-l2.0.1406747932.jpg", "brand": "Sony", "category": "Electronics", "description": "Best WalkMann Ever Produced", "rating": "0.00", "numReviews": 0, "price": "101.00", "countInStock": 102, "createdAt": "2023-04-28T10:00:20.841Z"}}, {"model": "base.product", "pk": "5ba4c01b-9ea7-4f70-a9b8-afdcadceafff", "fields": {"user": 8, "name": "Sennheiser HD 458 ANC Foldable Bluetooth Wireless Over Ear Headphones with Mic", "image": "ProductPreview_HD_350BT_Black.png", "brand": "Apple", "category": "Electronics", "description": "German Made Best Headphones With NC", "rating": "0.00", "numReviews": 0, "price": "250.00", "countInStock": 74, "createdAt": "2023-04-28T10:00:19.909Z"}}, {"model": "base.product", "pk": "6ef55da7-6b7e-44cb-b0d6-a6719c478155", "fields": {"user": 1, "name": "Amazon Echo Dot 3rd Generation", "image": "alexa.jpg", "brand": "Amazon", "category": "Electronics", "description": "Meet Echo Dot - Our most popular smart speaker with a fabric design. It is our most compact smart speaker that fits perfectly into small space", "rating": "2.00", "numReviews": 1, "price": "29.99", "countInStock": 0, "createdAt": "2023-03-24T13:50:08.600Z"}}, {"model": "base.product", "pk": "79c496a5-a9b4-4015-b96a-e5867ef346a0", "fields": {"user": 8, "name": "Sony Home Theatre 5.1", "image": "images_1.jfif", "brand": "Sony", "category": "Electronics", "description": "Best Sound Home Theatre ", "rating": "0.00", "numReviews": 0, "price": "100.00", "countInStock": 100, "createdAt": "2023-04-28T10:00:20.005Z"}}, {"model": "base.product", "pk": "7e6fa96b-3c51-4760-8b0d-63861993b11f", "fields": {"user": 8, "name": "Ipad", "image": "hero_combo__fcqcc3hbzjyy_large_pHgyLSb.jpg", "brand": "Apple", "category": "Electronics", "description": "pad with a pen", "rating": "0.00", "numReviews": 0, "price": "323.00", "countInStock": 2323, "createdAt": "2023-04-17T01:20:05.744Z"}}, {"model": "base.product", "pk": "959130af-92a5-48c5-87a4-e8f89d7065b9", "fields": {"user": 1, "name": "Logitech G-Series Gaming Mouse", "image": "mouse.jpg", "brand": "Logitech", "category": "Electronics", "description": "Get a better handle on your games with this Logitech LIGHTSYNC gaming mouse. The six programmable buttons allow customization for a smooth playing experience", "rating": "3.50", "numReviews": 10, "price": "49.99", "countInStock": 28, "createdAt": "2023-03-24T13:49:27.215Z"}}, {"model": "base.product", "pk": "9c5009e6-b074-4412-a057-1c0028fa8fb3", "fields": {"user": 8, "name": "Google Chromecast 3 Media Streaming Device  (Black)", "image": "products-Chromecast_3.jpg", "brand": "Google", "category": "Electronics", "description": "Caster to Connect Devices", "rating": "0.00", "numReviews": 0, "price": "50.00", "countInStock": 200, "createdAt": "2023-04-28T10:00:20.282Z"}}, {"model": "base.product", "pk": "a477b58b-702e-4087-bf2b-cdbd8a34d33a", "fields": {"user": 8, "name": "Mi PowerBank II", "image": "pms_1600434907.34879357800x80085.jpg", "brand": "Xiomi", "category": "Electronics", "description": "Powerbank capacity 10k mh", "rating": "0.00", "numReviews": 0, "price": "60.00", "countInStock": 61, "createdAt": "2023-04-28T10:00:20.744Z"}}, {"model": "base.product", "pk": "a7a34516-5bea-4a8a-9dd6-217123f56210", "fields": {"user": 8, "name": "TP Link Repeater", "image": "TP-Link-RE305-AC1200-WiFi-Range-Extender-7.jpg", "brand": "TP Link", "category": "Electronics", "description": "Repeater to Connect Lives", "rating": "0.00", "numReviews": 0, "price": "15.00", "countInStock": 26, "createdAt": "2023-04-28T10:00:20.659Z"}}, {"model": "base.product", "pk": "aeb1d7fe-912b-415d-9dbc-1b1d54cb927a", "fields": {"user": 8, "name": "Sony Bravia", "image": "81sFUK4Sv0L._SL1500_.jpg", "brand": "Sony", "category": "Electronics", "description": "TV from Sony", "rating": "0.00", "numReviews": 0, "price": "500.00", "countInStock": 501, "createdAt": "2023-04-28T10:00:20.197Z"}}, {"model": "base.product", "pk": "b8d6c13c-75f6-4948-b2b2-356ec77f9c55", "fields": {"user": 1, "name": "Airpods Wireless Bluetooth Headphones", "image": "airpods.jpg", "brand": "Apple", "category": "Electronics", "description": "Bluetooth technology lets you connect it with compatible devices wirelessly High-quality AAC audio offers immersive listening experience Built-in microphone allows you to take calls while working", "rating": "3.00", "numReviews": 1, "price": "89.99", "countInStock": 20, "createdAt": "2023-03-23T06:26:49.270Z"}}, {"model": "base.product", "pk": "c698f8d7-46f5-4071-a5c1-cc595053b4f0", "fields": {"user": 8, "name": "Oculus Quest 2 Virtual Reality Headset", "image": "Oculus-Quest-2-2.jpg", "brand": "Meta", "category": "Electronics", "description": "VR Experience", "rating": "0.00", "numReviews": 0, "price": "300.00", "countInStock": 301, "createdAt": "2023-04-28T10:00:20.101Z"}}, {"model": "base.product", "pk": "f5bc39bd-5116-4cb4-9c19-b311ef64280e", "fields": {"user": 8, "name": "Redmi Note 5", "image": "dd77008885e8663aa618f8adee89435f800x80085.jpg", "brand": "Xiomi", "category": "Electronics", "description": "SmartPhone", "rating": "0.00", "numReviews": 0, "price": "140.00", "countInStock": 141, "createdAt": "2023-04-28T10:00:20.478Z"}}, {"model": "base.product", "pk": "ff120baa-e945-4253-b552-dd598ed49621", "fields": {"user": 8, "name": "MacBook Pro", "image": "images_jO9afS4.jfif", "brand": "Apple", "category": "Electronics", "description": "Powerful M1 Chipset with Good Graphics", "rating": "4.50", "numReviews": 2, "price": "1000.00", "countInStock": 99, "createdAt": "2023-04-17T02:08:02.076Z"}}, {"model": "base.review", "pk": "44707285-ed58-45bb-a967-11a64d45533e", "fields": {"product": "37e05f6e-7e38-4c88-87ba-121112157c80", "user": 8, "name": "Shelly Bhattacharjee", "rating": 4, "comment": "I want to by iphone 99", "createdAt": "2023-04-23T08:21:29.974Z"}}, {"model": "base.review", "pk": "623b5396-3598-4f53-8487-56f347f45856", "fields": {"product": "6ef55da7-6b7e-44cb-b0d6-a6719c478155", "user": 8, "name": "Shelly Bhattacharjee", "rating": 2, "comment": "Fair Product , But I donot it much", "createdAt": "2023-04-23T08:34:38.649Z"}}, {"model": "base.review", "pk": "8330797f-c7d8-44de-b616-225f0d3a41f8", "fields": {"product": "ff120baa-e945-4253-b552-dd598ed49621", "user": 8, "name": "Shelly Bhattacharjee", "rating": 4, "comment": "Awesome Product", "createdAt": "2023-04-22T04:48:42.895Z"}}, {"model": "base.review", "pk": "865114a6-62f6-46fd-8917-793bf8da1ff0", "fields": {"product": "ff120baa-e945-4253-b552-dd598ed49621", "user": 1, "name": "Thor Odinson", "rating": 5, "comment": "Nothing Can Beat Mac In Universe", "createdAt": "2023-04-22T05:02:33.103Z"}}, {"model": "base.review", "pk": "87670a29-684b-4cb4-8918-c7cb02f46108", "fields": {"product": "b8d6c13c-75f6-4948-b2b2-356ec77f9c55", "user": 8, "name": "Shelly Bhattacharjee", "rating": 3, "comment": "", "createdAt": "2023-04-23T08:32:23.137Z"}}, {"model": "base.order", "pk": "03e5200e-af30-4bd8-b587-742e306f7ef4", "fields": {"user": 8, "paymentMethod": "PayPal", "taxPrice": "7.20", "shippingPrice": "10.00", "totalPrice": "107.19", "isPaid": false, "paidAt": null, "isDelivered": false, "deliveredAt": null, "createdAt": "2023-03-31T15:46:49.099Z"}}, {"model": "base.order", "pk": "06e459f4-714c-434d-b634-3927b5043a58", "fields": {"user": 8, "paymentMethod": "PayPal", "taxPrice": "7.20", "shippingPrice": "10.00", "totalPrice": "107.19", "isPaid": false, "paidAt": null, "isDelivered": false, "deliveredAt": null, "createdAt": "2023-03-31T16:02:55.650Z"}}, {"model": "base.order", "pk": "0838520a-a8db-442d-92cf-fafbaf346f99", "fields": {"user": 8, "paymentMethod": "PayPal", "taxPrice": "122.40", "shippingPrice": "0.00", "totalPrice": "1652.38", "isPaid": true, "paidAt": "2023-04-01T23:39:19.819Z", "isDelivered": false, "deliveredAt": null, "createdAt": "2023-04-01T10:36:03.637Z"}}, {"model": "base.order", "pk": "0871d805-34e4-4fa9-b2ce-285e62b622b8", "fields": {"user": 8, "paymentMethod": "PayPal", "taxPrice": "7.20", "shippingPrice": "10.00", "totalPrice": "107.19", "isPaid": false, "paidAt": null, "isDelivered": false, "deliveredAt": null, "createdAt": "2023-04-01T04:29:15.801Z"}}, {"model": "base.order", "pk": "110602f4-12e2-4df1-878b-e7a712442065", "fields": {"user": 8, "paymentMethod": "PayPal", "taxPrice": "144.00", "shippingPrice": "0.00", "totalPrice": "1943.96", "isPaid": false, "paidAt": null, "isDelivered": false, "deliveredAt": null, "createdAt": "2023-03-31T17:55:10.501Z"}}, {"model": "base.order", "pk": "1da75a54-1b72-4d53-b001-96241e1689b4", "fields": {"user": 8, "paymentMethod": "PayPal", "taxPrice": "74.40", "shippingPrice": "0.00", "totalPrice": "1004.39", "isPaid": false, "paidAt": null, "isDelivered": false, "deliveredAt": null, "createdAt": "2023-03-31T18:00:29.183Z"}}, {"model": "base.order", "pk": "1fbf6562-a4b3-48ff-bcee-2687771a88f2", "fields": {"user": 8, "paymentMethod": "PayPal", "taxPrice": "7.20", "shippingPrice": "10.00", "totalPrice": "107.19", "isPaid": false, "paidAt": "2023-04-01T12:09:53Z", "isDelivered": false, "deliveredAt": null, "createdAt": "2023-04-01T06:38:54.995Z"}}, {"model": "base.order", "pk": "228901de-22e3-4212-bd6f-bdb5a5e6ac8f", "fields": {"user": 8, "paymentMethod": "PayPal", "taxPrice": "106.40", "shippingPrice": "0.00", "totalPrice": "1436.38", "isPaid": false, "paidAt": null, "isDelivered": false, "deliveredAt": null, "createdAt": "2023-03-31T13:45:32.490Z"}}, {"model": "base.order", "pk": "26b22eba-2b15-4def-a1a0-1aa9a96d4614", "fields": {"user": 8, "paymentMethod": "PayPal", "taxPrice": "48.00", "shippingPrice": "0.00", "totalPrice": "647.99", "isPaid": true, "paidAt": "2023-04-01T13:10:49.364Z", "isDelivered": false, "deliveredAt": null, "createdAt": "2023-04-01T06:40:56.849Z"}}, {"model": "base.order", "pk": "2e650d01-618d-481e-aba8-f64730085467", "fields": {"user": 8, "paymentMethod": "PayPal", "taxPrice": "4.00", "shippingPrice": "10.00", "totalPrice": "63.99", "isPaid": false, "paidAt": null, "isDelivered": false, "deliveredAt": null, "createdAt": "2023-03-31T15:59:40.388Z"}}, {"model": "base.order", "pk": "4acdb0b8-f870-4b7e-8484-e11ecadd7638", "fields": {"user": 8, "paymentMethod": "PayPal", "taxPrice": "122.40", "shippingPrice": "0.00", "totalPrice": "1652.38", "isPaid": true, "paidAt": "2023-04-01T16:13:56.211Z", "isDelivered": false, "deliveredAt": null, "createdAt": "2023-04-01T10:36:03.018Z"}}, {"model": "base.order", "pk": "4c1c4b50-40b4-4f16-a01d-9817988ddd39", "fields": {"user": 8, "paymentMethod": "PayPal", "taxPrice": "48.00", "shippingPrice": "0.00", "totalPrice": "647.99", "isPaid": false, "paidAt": null, "isDelivered": false, "deliveredAt": null, "createdAt": "2023-04-01T06:19:56.640Z"}}, {"model": "base.order", "pk": "54c6ad4d-42a9-4eb8-b583-bc7b8e97af1d", "fields": {"user": 8, "paymentMethod": "PayPal", "taxPrice": "48.00", "shippingPrice": "0.00", "totalPrice": "647.99", "isPaid": true, "paidAt": "2023-04-23T15:45:06.207Z", "isDelivered": false, "deliveredAt": null, "createdAt": "2023-04-23T10:14:59.093Z"}}, {"model": "base.order", "pk": "54cdb626-ccaa-420f-96aa-1391333adacf", "fields": {"user": 8, "paymentMethod": "PayPal", "taxPrice": "32.00", "shippingPrice": "0.00", "totalPrice": "431.99", "isPaid": false, "paidAt": null, "isDelivered": false, "deliveredAt": null, "createdAt": "2023-03-31T19:03:57.538Z"}}, {"model": "base.order", "pk": "5965adc6-7916-47ac-9fe0-a9f381e30c5e", "fields": {"user": 8, "paymentMethod": "PayPal", "taxPrice": "48.00", "shippingPrice": "0.00", "totalPrice": "647.99", "isPaid": false, "paidAt": null, "isDelivered": false, "deliveredAt": null, "createdAt": "2023-03-31T16:55:26.434Z"}}, {"model": "base.order", "pk": "5a3dabb8-c295-41cc-afe8-205c5e8cef25", "fields": {"user": 8, "paymentMethod": "PayPal", "taxPrice": "16.00", "shippingPrice": "10.00", "totalPrice": "225.96", "isPaid": true, "paidAt": "2023-04-01T16:13:36.006Z", "isDelivered": false, "deliveredAt": null, "createdAt": "2023-03-31T13:22:44.169Z"}}, {"model": "base.order", "pk": "5af9a5ba-b064-4a3f-a884-9c110acfbe64", "fields": {"user": 8, "paymentMethod": "PayPal", "taxPrice": "4.00", "shippingPrice": "10.00", "totalPrice": "63.99", "isPaid": true, "paidAt": "2023-03-31T19:58:16Z", "isDelivered": true, "deliveredAt": "2023-03-31T19:58:42Z", "createdAt": "2023-03-31T19:34:56.825Z"}}, {"model": "base.order", "pk": "68ef0324-d7de-4170-bf58-bf57428d2e03", "fields": {"user": 8, "paymentMethod": "PayPal", "taxPrice": "48.00", "shippingPrice": "0.00", "totalPrice": "647.99", "isPaid": true, "paidAt": "2023-04-01T13:28:04.163Z", "isDelivered": false, "deliveredAt": null, "createdAt": "2023-04-01T07:57:56.371Z"}}, {"model": "base.order", "pk": "6b7b46c5-480e-459b-b9a7-d0deeea0e59d", "fields": {"user": 8, "paymentMethod": "PayPal", "taxPrice": "129.60", "shippingPrice": "0.00", "totalPrice": "1749.57", "isPaid": false, "paidAt": null, "isDelivered": false, "deliveredAt": null, "createdAt": "2023-03-31T17:59:28.306Z"}}, {"model": "base.order", "pk": "6b947cd4-0b1a-4adc-b09d-6a620506930b", "fields": {"user": 8, "paymentMethod": "PayPal", "taxPrice": "158.40", "shippingPrice": "0.00", "totalPrice": "2138.36", "isPaid": false, "paidAt": null, "isDelivered": false, "deliveredAt": null, "createdAt": "2023-03-31T18:14:45.498Z"}}, {"model": "base.order", "pk": "7dbdc558-995b-4ccf-9717-4043f3255f2a", "fields": {"user": 8, "paymentMethod": "PayPal", "taxPrice": "7.20", "shippingPrice": "10.00", "totalPrice": "107.19", "isPaid": false, "paidAt": null, "isDelivered": false, "deliveredAt": null, "createdAt": "2023-03-31T18:07:39.987Z"}}, {"model": "base.order", "pk": "8534e12c-ba86-45e9-9b70-acd26ec71207", "fields": {"user": 8, "paymentMethod": "PayPal", "taxPrice": "48.00", "shippingPrice": "0.00", "totalPrice": "647.99", "isPaid": false, "paidAt": null, "isDelivered": false, "deliveredAt": null, "createdAt": "2023-03-31T16:36:52.427Z"}}, {"model": "base.order", "pk": "89a04a1c-ff6e-4910-be97-27239b9ea7c1", "fields": {"user": 8, "paymentMethod": "PayPal", "taxPrice": "7.20", "shippingPrice": "10.00", "totalPrice": "107.19", "isPaid": false, "paidAt": null, "isDelivered": false, "deliveredAt": null, "createdAt": "2023-03-31T17:58:49.540Z"}}, {"model": "base.order", "pk": "8b6348f0-c5b8-4b85-8535-aa928548b28d", "fields": {"user": 8, "paymentMethod": "PayPal", "taxPrice": "48.00", "shippingPrice": "0.00", "totalPrice": "647.99", "isPaid": true, "paidAt": "2023-03-31T19:58:16Z", "isDelivered": true, "deliveredAt": "2023-04-04T11:10:45.631Z", "createdAt": "2023-04-02T10:19:28.107Z"}}, {"model": "base.order", "pk": "8c4d312c-8b51-4d19-9215-775122beae55", "fields": {"user": 8, "paymentMethod": "PayPal", "taxPrice": "7.20", "shippingPrice": "10.00", "totalPrice": "107.19", "isPaid": true, "paidAt": "2023-04-01T11:47:25.246Z", "isDelivered": false, "deliveredAt": null, "createdAt": "2023-04-01T06:11:57.138Z"}}, {"model": "base.order", "pk": "8c52a865-3841-425f-a28f-e47fad2ae82c", "fields": {"user": 8, "paymentMethod": "PayPal", "taxPrice": "74.40", "shippingPrice": "0.00", "totalPrice": "1004.39", "isPaid": true, "paidAt": "2023-04-01T11:39:47.832Z", "isDelivered": false, "deliveredAt": null, "createdAt": "2023-04-01T05:15:02.999Z"}}, {"model": "base.order", "pk": "92039a76-654a-467a-a8b4-acb6367f6d47", "fields": {"user": 8, "paymentMethod": "PayPal", "taxPrice": "106.40", "shippingPrice": "0.00", "totalPrice": "1436.38", "isPaid": false, "paidAt": null, "isDelivered": false, "deliveredAt": null, "createdAt": "2023-03-31T13:46:28.338Z"}}, {"model": "base.order", "pk": "95e3ccb8-4e25-4efc-843c-49007e0e4b66", "fields": {"user": 8, "paymentMethod": "PayPal", "taxPrice": "7.20", "shippingPrice": "10.00", "totalPrice": "107.19", "isPaid": true, "paidAt": "2023-04-01T01:42:45.158Z", "isDelivered": false, "deliveredAt": null, "createdAt": "2023-03-31T14:48:48.626Z"}}, {"model": "base.order", "pk": "a9999272-bb28-40a2-ac45-8deb770adc5c", "fields": {"user": 8, "paymentMethod": "PayPal", "taxPrice": "48.00", "shippingPrice": "0.00", "totalPrice": "647.99", "isPaid": true, "paidAt": "2023-04-28T16:37:26.730Z", "isDelivered": false, "deliveredAt": null, "createdAt": "2023-04-28T11:07:18.250Z"}}, {"model": "base.order", "pk": "ab67180f-b32d-48ad-ace9-a35d696a6a53", "fields": {"user": 8, "paymentMethod": "PayPal", "taxPrice": "55.20", "shippingPrice": "0.00", "totalPrice": "745.18", "isPaid": true, "paidAt": "2023-04-10T00:52:13.021Z", "isDelivered": false, "deliveredAt": null, "createdAt": "2023-04-09T19:21:26.768Z"}}, {"model": "base.order", "pk": "b14f6780-3ee5-427c-a053-092c1af49cc2", "fields": {"user": 8, "paymentMethod": "PayPal", "taxPrice": "161.60", "shippingPrice": "0.00", "totalPrice": "2181.56", "isPaid": false, "paidAt": null, "isDelivered": false, "deliveredAt": null, "createdAt": "2023-03-31T18:13:17.195Z"}}, {"model": "base.order", "pk": "b7605a43-24d9-45e7-bfe0-809142ad6718", "fields": {"user": 8, "paymentMethod": "PayPal", "taxPrice": "48.00", "shippingPrice": "0.00", "totalPrice": "647.99", "isPaid": false, "paidAt": null, "isDelivered": false, "deliveredAt": null, "createdAt": "2023-03-31T17:00:10.456Z"}}, {"model": "base.order", "pk": "b7a34379-718c-454b-b66d-1f3fe6fe1578", "fields": {"user": 8, "paymentMethod": "PayPal", "taxPrice": "32.00", "shippingPrice": "0.00", "totalPrice": "431.99", "isPaid": false, "paidAt": null, "isDelivered": false, "deliveredAt": null, "createdAt": "2023-03-31T15:45:48.204Z"}}, {"model": "base.order", "pk": "c08762c1-e0e8-4110-b777-f2c8aab4ab83", "fields": {"user": 8, "paymentMethod": "PayPal", "taxPrice": "48.00", "shippingPrice": "0.00", "totalPrice": "647.99", "isPaid": false, "paidAt": null, "isDelivered": false, "deliveredAt": null, "createdAt": "2023-03-31T16:57:24.277Z"}}, {"model": "base.order", "pk": "c10b0f25-7264-4113-a0ac-a6e58c60390a", "fields": {"user": 8, "paymentMethod": "PayPal", "taxPrice": "4.00", "shippingPrice": "10.00", "totalPrice": "63.99", "isPaid": false, "paidAt": null, "isDelivered": false, "deliveredAt": null, "createdAt": "2023-03-31T16:01:56.803Z"}}, {"model": "base.order", "pk": "c9acd37a-fac2-4d0a-8906-65e52225099b", "fields": {"user": 8, "paymentMethod": "PayPal", "taxPrice": "48.00", "shippingPrice": "0.00", "totalPrice": "647.99", "isPaid": false, "paidAt": null, "isDelivered": false, "deliveredAt": null, "createdAt": "2023-03-31T15:53:46.947Z"}}, {"model": "base.order", "pk": "cff272bb-c97b-414b-9118-da3fc1b714ad", "fields": {"user": 8, "paymentMethod": "PayPal", "taxPrice": "81.60", "shippingPrice": "0.00", "totalPrice": "1101.58", "isPaid": false, "paidAt": null, "isDelivered": false, "deliveredAt": null, "createdAt": "2023-03-31T15:44:56.498Z"}}, {"model": "base.order", "pk": "d6166d1e-dd35-45c7-a41d-16a6d03d1fba", "fields": {"user": 8, "paymentMethod": "PayPal", "taxPrice": "7.20", "shippingPrice": "10.00", "totalPrice": "107.19", "isPaid": true, "paidAt": "2023-04-28T15:59:14.063Z", "isDelivered": false, "deliveredAt": null, "createdAt": "2023-04-28T10:29:07.544Z"}}, {"model": "base.order", "pk": "d706e805-8aa8-400f-bc39-de87df7f7044", "fields": {"user": 8, "paymentMethod": "PayPal", "taxPrice": "80.00", "shippingPrice": "0.00", "totalPrice": "1080.00", "isPaid": true, "paidAt": "2023-04-21T12:23:40.195Z", "isDelivered": false, "deliveredAt": null, "createdAt": "2023-04-21T06:53:31.998Z"}}, {"model": "base.order", "pk": "db31c8d4-b241-4c51-8740-4a5c340f6a83", "fields": {"user": 8, "paymentMethod": "PayPal", "taxPrice": "165.60", "shippingPrice": "0.00", "totalPrice": "2235.55", "isPaid": false, "paidAt": null, "isDelivered": false, "deliveredAt": null, "createdAt": "2023-03-31T13:43:04.805Z"}}, {"model": "base.order", "pk": "dbed44e4-f8d9-48ef-975d-39d727478b9f", "fields": {"user": 8, "paymentMethod": "PayPal", "taxPrice": "7.20", "shippingPrice": "10.00", "totalPrice": "107.19", "isPaid": false, "paidAt": null, "isDelivered": false, "deliveredAt": null, "createdAt": "2023-03-31T16:04:22.062Z"}}, {"model": "base.order", "pk": "e1215beb-a256-4b78-82cf-8491964e1c1c", "fields": {"user": 8, "paymentMethod": "PayPal", "taxPrice": "21.60", "shippingPrice": "0.00", "totalPrice": "291.57", "isPaid": false, "paidAt": null, "isDelivered": false, "deliveredAt": null, "createdAt": "2023-03-31T13:18:16.415Z"}}, {"model": "base.order", "pk": "e7e1894a-316f-4c6f-9324-f51be8dbf69a", "fields": {"user": 8, "paymentMethod": "PayPal", "taxPrice": "48.00", "shippingPrice": "0.00", "totalPrice": "647.99", "isPaid": true, "paidAt": "2023-04-02T15:14:23.739Z", "isDelivered": false, "deliveredAt": null, "createdAt": "2023-04-02T09:44:16.511Z"}}, {"model": "base.order", "pk": "f5083707-5900-49ad-a520-8bc84631d26e", "fields": {"user": 8, "paymentMethod": "PayPal", "taxPrice": "106.40", "shippingPrice": "0.00", "totalPrice": "1436.38", "isPaid": false, "paidAt": null, "isDelivered": false, "deliveredAt": null, "createdAt": "2023-03-31T13:45:33.528Z"}}, {"model": "base.order", "pk": "f6bbf34f-0aa5-47e6-9f54-e994164a808e", "fields": {"user": 8, "paymentMethod": "PayPal", "taxPrice": "7.20", "shippingPrice": "10.00", "totalPrice": "107.19", "isPaid": false, "paidAt": null, "isDelivered": false, "deliveredAt": null, "createdAt": "2023-03-31T16:03:44.555Z"}}, {"model": "base.order", "pk": "f93d5009-ac3e-47e3-9161-1734757ad96a", "fields": {"user": 8, "paymentMethod": "PayPal", "taxPrice": "55.20", "shippingPrice": "0.00", "totalPrice": "745.18", "isPaid": false, "paidAt": null, "isDelivered": false, "deliveredAt": null, "createdAt": "2023-03-31T18:09:52.124Z"}}, {"model": "base.order", "pk": "fb1e14c1-d81d-4a84-ba1b-2298e4a25fbb", "fields": {"user": 8, "paymentMethod": "PayPal", "taxPrice": "48.00", "shippingPrice": "0.00", "totalPrice": "647.99", "isPaid": false, "paidAt": null, "isDelivered": false, "deliveredAt": null, "createdAt": "2023-04-01T06:40:56.316Z"}}, {"model": "base.orderitem", "pk": "05cce08d-a4fc-49c1-8091-4d6ed27cde39", "fields": {"product": "09fd4c44-f009-4b19-ba63-ade5f6ec701b", "order": "228901de-22e3-4212-bd6f-bdb5a5e6ac8f", "name": "Sony Playstation 4 Pro White Version", "qty": 1, "price": "399.99", "image": "/images/playstation.jpg"}}, {"model": "base.orderitem", "pk": "06bd26ba-ae77-4685-a946-a95db356ac8d", "fields": {"product": "207b0fee-f417-4596-a42c-362d66ef4412", "order": "228901de-22e3-4212-bd6f-bdb5a5e6ac8f", "name": "Cannon EOS 80D DSLR Camera", "qty": 1, "price": "929.99", "image": "/images/camera.jpg"}}, {"model": "base.orderitem", "pk": "085af4f8-7a33-4214-b511-57dde322d505", "fields": {"product": "37e05f6e-7e38-4c88-87ba-121112157c80", "order": "ab67180f-b32d-48ad-ace9-a35d696a6a53", "name": "iPhone 11 Pro 256GB Memory", "qty": 1, "price": "599.99", "image": "/images/phone.jpg"}}, {"model": "base.orderitem", "pk": "18d3117f-6506-4f9d-9411-173dcde39634", "fields": {"product": "b8d6c13c-75f6-4948-b2b2-356ec77f9c55", "order": "b14f6780-3ee5-427c-a053-092c1af49cc2", "name": "Airpods Wireless Bluetooth Headphones", "qty": 1, "price": "89.99", "image": "/images/airpods.jpg"}}, {"model": "base.orderitem", "pk": "196f923e-0e60-4286-99eb-e1dfff59c9f9", "fields": {"product": "37e05f6e-7e38-4c88-87ba-121112157c80", "order": "e7e1894a-316f-4c6f-9324-f51be8dbf69a", "name": "iPhone 11 Pro 256GB Memory", "qty": 1, "price": "599.99", "image": "/images/phone.jpg"}}, {"model": "base.orderitem", "pk": "1e5e9d41-8d41-4703-bb94-23ab0e9ab064", "fields": {"product": "09fd4c44-f009-4b19-ba63-ade5f6ec701b", "order": "db31c8d4-b241-4c51-8740-4a5c340f6a83", "name": "Sony Playstation 4 Pro White Version", "qty": 1, "price": "399.99", "image": "/images/playstation.jpg"}}, {"model": "base.orderitem", "pk": "28eb0d8e-5820-4418-a07c-a376e1ed5b18", "fields": {"product": "b8d6c13c-75f6-4948-b2b2-356ec77f9c55", "order": "03e5200e-af30-4bd8-b587-742e306f7ef4", "name": "Airpods Wireless Bluetooth Headphones", "qty": 1, "price": "89.99", "image": "/images/airpods.jpg"}}, {"model": "base.orderitem", "pk": "2b737129-6db3-42eb-8404-b604d38892ff", "fields": {"product": "37e05f6e-7e38-4c88-87ba-121112157c80", "order": "4c1c4b50-40b4-4f16-a01d-9817988ddd39", "name": "iPhone 11 Pro 256GB Memory", "qty": 1, "price": "599.99", "image": "/images/phone.jpg"}}, {"model": "base.orderitem", "pk": "2bde062c-1cfe-4485-aa66-1455e0987981", "fields": {"product": "207b0fee-f417-4596-a42c-362d66ef4412", "order": "4acdb0b8-f870-4b7e-8484-e11ecadd7638", "name": "Cannon EOS 80D DSLR Camera", "qty": 1, "price": "929.99", "image": "/images/camera.jpg"}}, {"model": "base.orderitem", "pk": "2c27485b-b8a0-4c82-8634-c07899d452e6", "fields": {"product": "207b0fee-f417-4596-a42c-362d66ef4412", "order": "b14f6780-3ee5-427c-a053-092c1af49cc2", "name": "Cannon EOS 80D DSLR Camera", "qty": 1, "price": "929.99", "image": "/images/camera.jpg"}}, {"model": "base.orderitem", "pk": "2c99062d-20fc-427e-8254-0cf4d4673392", "fields": {"product": "b8d6c13c-75f6-4948-b2b2-356ec77f9c55", "order": "dbed44e4-f8d9-48ef-975d-39d727478b9f", "name": "Airpods Wireless Bluetooth Headphones", "qty": 1, "price": "89.99", "image": "/images/airpods.jpg"}}, {"model": "base.orderitem", "pk": "2fc3eec8-9f26-40c0-9a84-ba9b6053d8ac", "fields": {"product": "37e05f6e-7e38-4c88-87ba-121112157c80", "order": "4acdb0b8-f870-4b7e-8484-e11ecadd7638", "name": "iPhone 11 Pro 256GB Memory", "qty": 1, "price": "599.99", "image": "/images/phone.jpg"}}, {"model": "base.orderitem", "pk": "36140129-e2ba-4f25-a63b-efa57cc9ee0b", "fields": {"product": "207b0fee-f417-4596-a42c-362d66ef4412", "order": "92039a76-654a-467a-a8b4-acb6367f6d47", "name": "Cannon EOS 80D DSLR Camera", "qty": 1, "price": "929.99", "image": "/images/camera.jpg"}}, {"model": "base.orderitem", "pk": "3a346a98-46fb-441e-a528-6b180d77718b", "fields": {"product": "b8d6c13c-75f6-4948-b2b2-356ec77f9c55", "order": "cff272bb-c97b-414b-9118-da3fc1b714ad", "name": "Airpods Wireless Bluetooth Headphones", "qty": 1, "price": "89.99", "image": "/images/airpods.jpg"}}, {"model": "base.orderitem", "pk": "3ab582f5-f0df-4ca4-8471-2bb58a3cf72b", "fields": {"product": "b8d6c13c-75f6-4948-b2b2-356ec77f9c55", "order": "06e459f4-714c-434d-b634-3927b5043a58", "name": "Airpods Wireless Bluetooth Headphones", "qty": 1, "price": "89.99", "image": "/images/airpods.jpg"}}, {"model": "base.orderitem", "pk": "3ad118c5-c07c-4fa7-afb4-0a690d049425", "fields": {"product": "b8d6c13c-75f6-4948-b2b2-356ec77f9c55", "order": "7dbdc558-995b-4ccf-9717-4043f3255f2a", "name": "Airpods Wireless Bluetooth Headphones", "qty": 1, "price": "89.99", "image": "/images/airpods.jpg"}}, {"model": "base.orderitem", "pk": "3b30e9fd-20e0-4e47-b6f1-f316e4794851", "fields": {"product": "207b0fee-f417-4596-a42c-362d66ef4412", "order": "0838520a-a8db-442d-92cf-fafbaf346f99", "name": "Cannon EOS 80D DSLR Camera", "qty": 1, "price": "929.99", "image": "/images/camera.jpg"}}, {"model": "base.orderitem", "pk": "3c46334b-5ebf-4031-a7a9-b24de4ea2223", "fields": {"product": "959130af-92a5-48c5-87a4-e8f89d7065b9", "order": "db31c8d4-b241-4c51-8740-4a5c340f6a83", "name": "Logitech G-Series Gaming Mouse", "qty": 1, "price": "49.99", "image": "/images/mouse.jpg"}}, {"model": "base.orderitem", "pk": "3c4ce0fa-ee8b-4588-8fb3-dfd89d3ee67c", "fields": {"product": "b8d6c13c-75f6-4948-b2b2-356ec77f9c55", "order": "f93d5009-ac3e-47e3-9161-1734757ad96a", "name": "Airpods Wireless Bluetooth Headphones", "qty": 1, "price": "89.99", "image": "/images/airpods.jpg"}}, {"model": "base.orderitem", "pk": "3cb6b2a7-c54c-4553-812f-c9d7b373eb9a", "fields": {"product": "09fd4c44-f009-4b19-ba63-ade5f6ec701b", "order": "6b947cd4-0b1a-4adc-b09d-6a620506930b", "name": "Sony Playstation 4 Pro White Version", "qty": 1, "price": "399.99", "image": "/images/playstation.jpg"}}, {"model": "base.orderitem", "pk": "3f175ca5-fae6-44bd-9402-40428523589a", "fields": {"product": "b8d6c13c-75f6-4948-b2b2-356ec77f9c55", "order": "8c4d312c-8b51-4d19-9215-775122beae55", "name": "Airpods Wireless Bluetooth Headphones", "qty": 1, "price": "89.99", "image": "/images/airpods.jpg"}}, {"model": "base.orderitem", "pk": "3f392210-dc2f-439c-a7a8-ea4bdf44853b", "fields": {"product": "37e05f6e-7e38-4c88-87ba-121112157c80", "order": "b14f6780-3ee5-427c-a053-092c1af49cc2", "name": "iPhone 11 Pro 256GB Memory", "qty": 1, "price": "599.99", "image": "/images/phone.jpg"}}, {"model": "base.orderitem", "pk": "414825c0-137e-47cb-b3ba-82070fa07dd7", "fields": {"product": "37e05f6e-7e38-4c88-87ba-121112157c80", "order": "6b7b46c5-480e-459b-b9a7-d0deeea0e59d", "name": "iPhone 11 Pro 256GB Memory", "qty": 1, "price": "599.99", "image": "/images/phone.jpg"}}, {"model": "base.orderitem", "pk": "50afcffc-c6a2-47ab-a8ce-9f1f370a6bf8", "fields": {"product": "37e05f6e-7e38-4c88-87ba-121112157c80", "order": "c08762c1-e0e8-4110-b777-f2c8aab4ab83", "name": "iPhone 11 Pro 256GB Memory", "qty": 1, "price": "599.99", "image": "/images/phone.jpg"}}, {"model": "base.orderitem", "pk": "55f35920-d2b4-427e-863a-d32bf30a32e9", "fields": {"product": "b8d6c13c-75f6-4948-b2b2-356ec77f9c55", "order": "d6166d1e-dd35-45c7-a41d-16a6d03d1fba", "name": "Airpods Wireless Bluetooth Headphones", "qty": 1, "price": "89.99", "image": "/images/airpods.jpg"}}, {"model": "base.orderitem", "pk": "572f8948-0bbe-4f20-b1f4-612fee61a5d6", "fields": {"product": "37e05f6e-7e38-4c88-87ba-121112157c80", "order": "110602f4-12e2-4df1-878b-e7a712442065", "name": "iPhone 11 Pro 256GB Memory", "qty": 1, "price": "599.99", "image": "/images/phone.jpg"}}, {"model": "base.orderitem", "pk": "5c51cbbf-6006-4f97-b4a9-869f32a38e51", "fields": {"product": "b8d6c13c-75f6-4948-b2b2-356ec77f9c55", "order": "1fbf6562-a4b3-48ff-bcee-2687771a88f2", "name": "Airpods Wireless Bluetooth Headphones", "qty": 1, "price": "89.99", "image": "/images/airpods.jpg"}}, {"model": "base.orderitem", "pk": "5d38fee0-7a79-4a0b-8306-3a199e9cab38", "fields": {"product": "207b0fee-f417-4596-a42c-362d66ef4412", "order": "8c52a865-3841-425f-a28f-e47fad2ae82c", "name": "Cannon EOS 80D DSLR Camera", "qty": 1, "price": "929.99", "image": "/images/camera.jpg"}}, {"model": "base.orderitem", "pk": "60fc3448-575e-4c93-897a-b5d8ac3bfcd6", "fields": {"product": "207b0fee-f417-4596-a42c-362d66ef4412", "order": "cff272bb-c97b-414b-9118-da3fc1b714ad", "name": "Cannon EOS 80D DSLR Camera", "qty": 1, "price": "929.99", "image": "/images/camera.jpg"}}, {"model": "base.orderitem", "pk": "64310225-4b48-4ff4-b59d-5b140b63bf09", "fields": {"product": "09fd4c44-f009-4b19-ba63-ade5f6ec701b", "order": "b14f6780-3ee5-427c-a053-092c1af49cc2", "name": "Sony Playstation 4 Pro White Version", "qty": 1, "price": "399.99", "image": "/images/playstation.jpg"}}, {"model": "base.orderitem", "pk": "6ce38706-7422-4e7d-8dfd-501d358a36c1", "fields": {"product": "207b0fee-f417-4596-a42c-362d66ef4412", "order": "6b947cd4-0b1a-4adc-b09d-6a620506930b", "name": "Cannon EOS 80D DSLR Camera", "qty": 1, "price": "929.99", "image": "/images/camera.jpg"}}, {"model": "base.orderitem", "pk": "6e7e8bce-5aa6-4d86-9b25-bef07a375c87", "fields": {"product": "09fd4c44-f009-4b19-ba63-ade5f6ec701b", "order": "f5083707-5900-49ad-a520-8bc84631d26e", "name": "Sony Playstation 4 Pro White Version", "qty": 1, "price": "399.99", "image": "/images/playstation.jpg"}}, {"model": "base.orderitem", "pk": "716aafc3-5031-4d59-9644-b2026c521e44", "fields": {"product": "b8d6c13c-75f6-4948-b2b2-356ec77f9c55", "order": "ab67180f-b32d-48ad-ace9-a35d696a6a53", "name": "Airpods Wireless Bluetooth Headphones", "qty": 1, "price": "89.99", "image": "/images/airpods.jpg"}}, {"model": "base.orderitem", "pk": "7270fd04-6b34-48d4-aa50-014ef54e0b0a", "fields": {"product": "b8d6c13c-75f6-4948-b2b2-356ec77f9c55", "order": "db31c8d4-b241-4c51-8740-4a5c340f6a83", "name": "Airpods Wireless Bluetooth Headphones", "qty": 1, "price": "89.99", "image": "/images/airpods.jpg"}}, {"model": "base.orderitem", "pk": "855c6fd5-9a56-4c53-aa33-209b25683d9e", "fields": {"product": "37e05f6e-7e38-4c88-87ba-121112157c80", "order": "6b947cd4-0b1a-4adc-b09d-6a620506930b", "name": "iPhone 11 Pro 256GB Memory", "qty": 1, "price": "599.99", "image": "/images/phone.jpg"}}, {"model": "base.orderitem", "pk": "897fabf9-65fe-4b2b-989e-f56a49e922cc", "fields": {"product": "37e05f6e-7e38-4c88-87ba-121112157c80", "order": "fb1e14c1-d81d-4a84-ba1b-2298e4a25fbb", "name": "iPhone 11 Pro 256GB Memory", "qty": 1, "price": "599.99", "image": "/images/phone.jpg"}}, {"model": "base.orderitem", "pk": "95f7deff-b758-44c2-9f16-7d38aae496a7", "fields": {"product": "b8d6c13c-75f6-4948-b2b2-356ec77f9c55", "order": "6b7b46c5-480e-459b-b9a7-d0deeea0e59d", "name": "Airpods Wireless Bluetooth Headphones", "qty": 1, "price": "89.99", "image": "/images/airpods.jpg"}}, {"model": "base.orderitem", "pk": "9660ae26-8c74-4cb9-916a-fd2f8624851c", "fields": {"product": "b8d6c13c-75f6-4948-b2b2-356ec77f9c55", "order": "0871d805-34e4-4fa9-b2ce-285e62b622b8", "name": "Airpods Wireless Bluetooth Headphones", "qty": 1, "price": "89.99", "image": "/images/airpods.jpg"}}, {"model": "base.orderitem", "pk": "a2aeccf3-1b50-483d-9a9a-834a378002e4", "fields": {"product": "959130af-92a5-48c5-87a4-e8f89d7065b9", "order": "c10b0f25-7264-4113-a0ac-a6e58c60390a", "name": "Logitech G-Series Gaming Mouse", "qty": 1, "price": "49.99", "image": "/images/mouse.jpg"}}, {"model": "base.orderitem", "pk": "a4735969-2b37-4e59-9a39-13aedc525844", "fields": {"product": "959130af-92a5-48c5-87a4-e8f89d7065b9", "order": "5af9a5ba-b064-4a3f-a884-9c110acfbe64", "name": "Logitech G-Series Gaming Mouse", "qty": 1, "price": "49.99", "image": "/images/mouse.jpg"}}, {"model": "base.orderitem", "pk": "a8d4e3c6-9b0f-4981-97ba-c8edc9c68c26", "fields": {"product": "37e05f6e-7e38-4c88-87ba-121112157c80", "order": "a9999272-bb28-40a2-ac45-8deb770adc5c", "name": "iPhone 11 Pro 256GB Memory", "qty": 1, "price": "599.99", "image": "/images/Apple-iPhone13-Pro-alpine-green-hero-2up-220308_big_carousel.jpg.large.jpg"}}, {"model": "base.orderitem", "pk": "a8deee74-5719-469a-9506-8c5474441dc9", "fields": {"product": "959130af-92a5-48c5-87a4-e8f89d7065b9", "order": "2e650d01-618d-481e-aba8-f64730085467", "name": "Logitech G-Series Gaming Mouse", "qty": 1, "price": "49.99", "image": "/images/mouse.jpg"}}, {"model": "base.orderitem", "pk": "aa0b07bd-cb46-4fda-8d16-083945ffbc80", "fields": {"product": "207b0fee-f417-4596-a42c-362d66ef4412", "order": "6b7b46c5-480e-459b-b9a7-d0deeea0e59d", "name": "Cannon EOS 80D DSLR Camera", "qty": 1, "price": "929.99", "image": "/images/camera.jpg"}}, {"model": "base.orderitem", "pk": "ab01ac6a-4ce9-41b8-acfe-49d39c9bea17", "fields": {"product": "37e05f6e-7e38-4c88-87ba-121112157c80", "order": "68ef0324-d7de-4170-bf58-bf57428d2e03", "name": "iPhone 11 Pro 256GB Memory", "qty": 1, "price": "599.99", "image": "/images/phone.jpg"}}, {"model": "base.orderitem", "pk": "afa3cb6a-067d-42b3-a470-0e6cbae3a938", "fields": {"product": "b8d6c13c-75f6-4948-b2b2-356ec77f9c55", "order": "f6bbf34f-0aa5-47e6-9f54-e994164a808e", "name": "Airpods Wireless Bluetooth Headphones", "qty": 1, "price": "89.99", "image": "/images/airpods.jpg"}}, {"model": "base.orderitem", "pk": "b71c423b-2ad8-4b77-899c-77d14310d5b9", "fields": {"product": "ff120baa-e945-4253-b552-dd598ed49621", "order": "d706e805-8aa8-400f-bc39-de87df7f7044", "name": "MacBook Pro", "qty": 1, "price": "1000.00", "image": "/images/images_jO9afS4.jfif"}}, {"model": "base.orderitem", "pk": "bace3cc7-f2a1-4631-bdfe-5133044d53ae", "fields": {"product": "37e05f6e-7e38-4c88-87ba-121112157c80", "order": "0838520a-a8db-442d-92cf-fafbaf346f99", "name": "iPhone 11 Pro 256GB Memory", "qty": 1, "price": "599.99", "image": "/images/phone.jpg"}}, {"model": "base.orderitem", "pk": "bdb7fcd3-eb82-4202-805d-c1ede7eb9c4a", "fields": {"product": "37e05f6e-7e38-4c88-87ba-121112157c80", "order": "26b22eba-2b15-4def-a1a0-1aa9a96d4614", "name": "iPhone 11 Pro 256GB Memory", "qty": 1, "price": "599.99", "image": "/images/phone.jpg"}}, {"model": "base.orderitem", "pk": "bdf66cc3-a4ec-476a-b32f-89a2537b7cbd", "fields": {"product": "37e05f6e-7e38-4c88-87ba-121112157c80", "order": "f93d5009-ac3e-47e3-9161-1734757ad96a", "name": "iPhone 11 Pro 256GB Memory", "qty": 1, "price": "599.99", "image": "/images/phone.jpg"}}, {"model": "base.orderitem", "pk": "bffc183a-812d-4d2b-bfd6-cf9f24c9ceb0", "fields": {"product": "b8d6c13c-75f6-4948-b2b2-356ec77f9c55", "order": "e1215beb-a256-4b78-82cf-8491964e1c1c", "name": "Airpods Wireless Bluetooth Headphones", "qty": 3, "price": "89.99", "image": "/images/airpods.jpg"}}, {"model": "base.orderitem", "pk": "c8b4c12c-afce-438a-95d3-32dea96473e3", "fields": {"product": "09fd4c44-f009-4b19-ba63-ade5f6ec701b", "order": "54cdb626-ccaa-420f-96aa-1391333adacf", "name": "Sony Playstation 4 Pro White Version", "qty": 1, "price": "399.99", "image": "/images/playstation.jpg"}}, {"model": "base.orderitem", "pk": "c903769f-dab3-4fcb-bd84-e7361a67bb8d", "fields": {"product": "37e05f6e-7e38-4c88-87ba-121112157c80", "order": "c9acd37a-fac2-4d0a-8906-65e52225099b", "name": "iPhone 11 Pro 256GB Memory", "qty": 1, "price": "599.99", "image": "/images/phone.jpg"}}, {"model": "base.orderitem", "pk": "d27d1bae-2164-4e88-b980-ff513e469f5f", "fields": {"product": "207b0fee-f417-4596-a42c-362d66ef4412", "order": "db31c8d4-b241-4c51-8740-4a5c340f6a83", "name": "Cannon EOS 80D DSLR Camera", "qty": 1, "price": "929.99", "image": "/images/camera.jpg"}}, {"model": "base.orderitem", "pk": "d3298546-1835-4077-8664-e82cec92cb52", "fields": {"product": "09fd4c44-f009-4b19-ba63-ade5f6ec701b", "order": "b7a34379-718c-454b-b66d-1f3fe6fe1578", "name": "Sony Playstation 4 Pro White Version", "qty": 1, "price": "399.99", "image": "/images/playstation.jpg"}}, {"model": "base.orderitem", "pk": "d7c35c77-2788-46fe-9619-7b6fc98d3f36", "fields": {"product": "207b0fee-f417-4596-a42c-362d66ef4412", "order": "f5083707-5900-49ad-a520-8bc84631d26e", "name": "Cannon EOS 80D DSLR Camera", "qty": 1, "price": "929.99", "image": "/images/camera.jpg"}}, {"model": "base.orderitem", "pk": "d8ddddfb-3269-40d9-a21b-a1eb2fa060b3", "fields": {"product": "09fd4c44-f009-4b19-ba63-ade5f6ec701b", "order": "110602f4-12e2-4df1-878b-e7a712442065", "name": "Sony Playstation 4 Pro White Version", "qty": 3, "price": "399.99", "image": "/images/playstation.jpg"}}, {"model": "base.orderitem", "pk": "e0d204bc-e8e9-454c-ad3b-2f78eb8b1a33", "fields": {"product": "37e05f6e-7e38-4c88-87ba-121112157c80", "order": "8534e12c-ba86-45e9-9b70-acd26ec71207", "name": "iPhone 11 Pro 256GB Memory", "qty": 1, "price": "599.99", "image": "/images/phone.jpg"}}, {"model": "base.orderitem", "pk": "e48f3d07-ce26-4674-9dfd-820f73f284aa", "fields": {"product": "959130af-92a5-48c5-87a4-e8f89d7065b9", "order": "5a3dabb8-c295-41cc-afe8-205c5e8cef25", "name": "Logitech G-Series Gaming Mouse", "qty": 4, "price": "49.99", "image": "/images/mouse.jpg"}}, {"model": "base.orderitem", "pk": "e63fbc33-fb5a-43e2-8de8-f0455f31fab3", "fields": {"product": "37e05f6e-7e38-4c88-87ba-121112157c80", "order": "5965adc6-7916-47ac-9fe0-a9f381e30c5e", "name": "iPhone 11 Pro 256GB Memory", "qty": 1, "price": "599.99", "image": "/images/phone.jpg"}}, {"model": "base.orderitem", "pk": "e8180f61-c256-41ee-a66f-21ebd478dbfb", "fields": {"product": "207b0fee-f417-4596-a42c-362d66ef4412", "order": "1da75a54-1b72-4d53-b001-96241e1689b4", "name": "Cannon EOS 80D DSLR Camera", "qty": 1, "price": "929.99", "image": "/images/camera.jpg"}}, {"model": "base.orderitem", "pk": "e8b29487-844e-4824-a609-871a6736f7ba", "fields": {"product": "37e05f6e-7e38-4c88-87ba-121112157c80", "order": "db31c8d4-b241-4c51-8740-4a5c340f6a83", "name": "iPhone 11 Pro 256GB Memory", "qty": 1, "price": "599.99", "image": "/images/phone.jpg"}}, {"model": "base.orderitem", "pk": "ebb5c3a0-de49-4ad0-8eb9-6565d5c6d74a", "fields": {"product": "959130af-92a5-48c5-87a4-e8f89d7065b9", "order": "6b947cd4-0b1a-4adc-b09d-6a620506930b", "name": "Logitech G-Series Gaming Mouse", "qty": 1, "price": "49.99", "image": "/images/mouse.jpg"}}, {"model": "base.orderitem", "pk": "f309a5a1-c7c4-47ad-83e0-25f8dee00f35", "fields": {"product": "37e05f6e-7e38-4c88-87ba-121112157c80", "order": "8b6348f0-c5b8-4b85-8535-aa928548b28d", "name": "iPhone 11 Pro 256GB Memory", "qty": 1, "price": "599.99", "image": "/images/phone.jpg"}}, {"model": "base.orderitem", "pk": "f38a6d68-07f4-4df6-b251-9bf05a6bb2f5", "fields": {"product": "09fd4c44-f009-4b19-ba63-ade5f6ec701b", "order": "92039a76-654a-467a-a8b4-acb6367f6d47", "name": "Sony Playstation 4 Pro White Version", "qty": 1, "price": "399.99", "image": "/images/playstation.jpg"}}, {"model": "base.orderitem", "pk": "fac702c1-52c9-40fa-be8f-fac578357953", "fields": {"product": "37e05f6e-7e38-4c88-87ba-121112157c80", "order": "b7605a43-24d9-45e7-bfe0-809142ad6718", "name": "iPhone 11 Pro 256GB Memory", "qty": 1, "price": "599.99", "image": "/images/phone.jpg"}}, {"model": "base.orderitem", "pk": "fe4bc571-65e9-42f0-9017-ab7dca724991", "fields": {"product": "b8d6c13c-75f6-4948-b2b2-356ec77f9c55", "order": "95e3ccb8-4e25-4efc-843c-49007e0e4b66", "name": "Airpods Wireless Bluetooth Headphones", "qty": 1, "price": "89.99", "image": "/images/airpods.jpg"}}, {"model": "base.orderitem", "pk": "ff0c1b3c-26cc-49b4-95ec-41b72eb5534b", "fields": {"product": "37e05f6e-7e38-4c88-87ba-121112157c80", "order": "54c6ad4d-42a9-4eb8-b583-bc7b8e97af1d", "name": "iPhone 11 Pro 256GB Memory", "qty": 1, "price": "599.99", "image": "/images/Apple-iPhone13-Pro-alpine-green-hero-2up-220308_big_carousel.jpg.large.jpg"}}, {"model": "base.orderitem", "pk": "ff56b25d-d2dc-4834-ac2a-d9cac209fa74", "fields": {"product": "b8d6c13c-75f6-4948-b2b2-356ec77f9c55", "order": "89a04a1c-ff6e-4910-be97-27239b9ea7c1", "name": "Airpods Wireless Bluetooth Headphones", "qty": 1, "price": "89.99", "image": "/images/airpods.jpg"}}, {"model": "base.shippingaddress", "pk": "01e4a68e-78c1-42ac-a657-00c102fab0c5", "fields": {"order": "4acdb0b8-f870-4b7e-8484-e11ecadd7638", "address": "2/1 JAFFARPORE MORE BARRACKPORE", "city": "Kolkata North 24 parganas", "postalCode": "700122", "country": "India", "shippingPrice": "0.00"}}, {"model": "base.shippingaddress", "pk": "0c95983f-1c14-44f1-a4ab-735aa87a5e58", "fields": {"order": "b14f6780-3ee5-427c-a053-092c1af49cc2", "address": "2/1 JAFFARPORE MORE BARRACKPORE", "city": "Kolkata North 24 parganas", "postalCode": "700122", "country": "India", "shippingPrice": "0.00"}}, {"model": "base.shippingaddress", "pk": "0f19d74b-7fbd-48f4-9b33-f6705bd3b46b", "fields": {"order": "fb1e14c1-d81d-4a84-ba1b-2298e4a25fbb", "address": "2/1 JAFFARPORE MORE BARRACKPORE", "city": "Kolkata North 24 parganas", "postalCode": "700122", "country": "India", "shippingPrice": "0.00"}}, {"model": "base.shippingaddress", "pk": "10a497b4-d3b7-40d0-babb-1cdf4dfb9f8d", "fields": {"order": "0871d805-34e4-4fa9-b2ce-285e62b622b8", "address": "2/1 JAFFARPORE MORE BARRACKPORE", "city": "Kolkata North 24 parganas", "postalCode": "700122", "country": "India", "shippingPrice": "10.00"}}, {"model": "base.shippingaddress", "pk": "1179e69f-314f-4db6-9d51-df5e1c825022", "fields": {"order": "1da75a54-1b72-4d53-b001-96241e1689b4", "address": "2/1 JAFFARPORE MORE BARRACKPORE", "city": "Kolkata North 24 parganas", "postalCode": "700122", "country": "India", "shippingPrice": "0.00"}}, {"model": "base.shippingaddress", "pk": "11cc3fc6-6f61-4aa6-be35-ede6d1a395af", "fields": {"order": "1fbf6562-a4b3-48ff-bcee-2687771a88f2", "address": "2/1 JAFFARPORE MORE BARRACKPORE", "city": "Kolkata North 24 parganas", "postalCode": "700122", "country": "India", "shippingPrice": "10.00"}}, {"model": "base.shippingaddress", "pk": "15c2ba40-07f8-46b1-917d-bf8c56d009a1", "fields": {"order": "8c4d312c-8b51-4d19-9215-775122beae55", "address": "2/1 JAFFARPORE MORE BARRACKPORE", "city": "Kolkata North 24 parganas", "postalCode": "700122", "country": "India", "shippingPrice": "10.00"}}, {"model": "base.shippingaddress", "pk": "18ff3a8c-badc-47b5-9d20-7586177e98d2", "fields": {"order": "d6166d1e-dd35-45c7-a41d-16a6d03d1fba", "address": "2/1 JAFFARPORE MORE BARRACKPORE", "city": "Kolkata North 24 parganas", "postalCode": "700122", "country": "India", "shippingPrice": "10.00"}}, {"model": "base.shippingaddress", "pk": "1b5b3335-77ef-45fc-898a-b34fa2270ac8", "fields": {"order": "68ef0324-d7de-4170-bf58-bf57428d2e03", "address": "2/1 JAFFARPORE MORE BARRACKPORE", "city": "Kolkata North 24 parganas", "postalCode": "700122", "country": "India", "shippingPrice": "0.00"}}, {"model": "base.shippingaddress", "pk": "2a951e00-1245-4722-b428-51257468efed", "fields": {"order": "54c6ad4d-42a9-4eb8-b583-bc7b8e97af1d", "address": "2/1 JAFFARPORE MORE BARRACKPORE", "city": "Kolkata North 24 parganas", "postalCode": "700122", "country": "India", "shippingPrice": "0.00"}}, {"model": "base.shippingaddress", "pk": "310fdc8a-baad-4f43-973e-763906a328f1", "fields": {"order": "26b22eba-2b15-4def-a1a0-1aa9a96d4614", "address": "2/1 JAFFARPORE MORE BARRACKPORE", "city": "Kolkata North 24 parganas", "postalCode": "700122", "country": "India", "shippingPrice": "0.00"}}, {"model": "base.shippingaddress", "pk": "31608256-201e-4145-a387-7198eaf9d724", "fields": {"order": "dbed44e4-f8d9-48ef-975d-39d727478b9f", "address": "2/1 JAFFARPORE MORE BARRACKPORE", "city": "Kolkata North 24 parganas", "postalCode": "700122", "country": "India", "shippingPrice": "10.00"}}, {"model": "base.shippingaddress", "pk": "3a15efe9-5680-4995-b9a0-6cdeb50f0b36", "fields": {"order": "4c1c4b50-40b4-4f16-a01d-9817988ddd39", "address": "2/1 JAFFARPORE MORE BARRACKPORE", "city": "Kolkata North 24 parganas", "postalCode": "700122", "country": "India", "shippingPrice": "0.00"}}, {"model": "base.shippingaddress", "pk": "3ad05075-02b3-45dc-8bfb-f46e8d8e4395", "fields": {"order": "db31c8d4-b241-4c51-8740-4a5c340f6a83", "address": "2/1 JAFFARPORE MORE BARRACKPORE", "city": "Kolkata North 24 parganas", "postalCode": "700122", "country": "India", "shippingPrice": "0.00"}}, {"model": "base.shippingaddress", "pk": "3f9595b8-a754-45bd-9d26-37dcffbeb8cc", "fields": {"order": "f93d5009-ac3e-47e3-9161-1734757ad96a", "address": "2/1 JAFFARPORE MORE BARRACKPORE", "city": "Kolkata North 24 parganas", "postalCode": "700122", "country": "India", "shippingPrice": "0.00"}}, {"model": "base.shippingaddress", "pk": "44c6c19a-1127-463c-9072-73f0afea5df7", "fields": {"order": "7dbdc558-995b-4ccf-9717-4043f3255f2a", "address": "2/1 JAFFARPORE MORE BARRACKPORE", "city": "Kolkata North 24 parganas", "postalCode": "700122", "country": "India", "shippingPrice": "10.00"}}, {"model": "base.shippingaddress", "pk": "502a637e-2990-49fd-b404-8a53fe94f85b", "fields": {"order": "8c52a865-3841-425f-a28f-e47fad2ae82c", "address": "2/1 JAFFARPORE MORE BARRACKPORE", "city": "Kolkata North 24 parganas", "postalCode": "700122", "country": "India", "shippingPrice": "0.00"}}, {"model": "base.shippingaddress", "pk": "5145619f-7ade-4e33-a016-043ee0ee8e22", "fields": {"order": "f6bbf34f-0aa5-47e6-9f54-e994164a808e", "address": "2/1 JAFFARPORE MORE BARRACKPORE", "city": "Kolkata North 24 parganas", "postalCode": "700122", "country": "India", "shippingPrice": "10.00"}}, {"model": "base.shippingaddress", "pk": "53aa0a2b-e37e-494e-a011-8422f11c6005", "fields": {"order": "e7e1894a-316f-4c6f-9324-f51be8dbf69a", "address": "2/1 JAFFARPORE MORE BARRACKPORE", "city": "Kolkata North 24 parganas", "postalCode": "700122", "country": "India", "shippingPrice": "0.00"}}, {"model": "base.shippingaddress", "pk": "5c1ea237-0871-426e-9a4a-23c72102700d", "fields": {"order": "8534e12c-ba86-45e9-9b70-acd26ec71207", "address": "2/1 JAFFARPORE MORE BARRACKPORE", "city": "Kolkata North 24 parganas", "postalCode": "700122", "country": "India", "shippingPrice": "0.00"}}, {"model": "base.shippingaddress", "pk": "5c608eb3-ef77-4f05-9870-a39050ef7e5a", "fields": {"order": "f5083707-5900-49ad-a520-8bc84631d26e", "address": "2/1 JAFFARPORE MORE BARRACKPORE", "city": "Kolkata North 24 parganas", "postalCode": "700122", "country": "India", "shippingPrice": "0.00"}}, {"model": "base.shippingaddress", "pk": "757e2409-d858-47dd-bb4a-56f54962ec14", "fields": {"order": "06e459f4-714c-434d-b634-3927b5043a58", "address": "2/1 JAFFARPORE MORE BARRACKPORE", "city": "Kolkata North 24 parganas", "postalCode": "700122", "country": "India", "shippingPrice": "10.00"}}, {"model": "base.shippingaddress", "pk": "7de30a66-e760-41ba-88b1-1c8ee8d8b3e3", "fields": {"order": "89a04a1c-ff6e-4910-be97-27239b9ea7c1", "address": "2/1 JAFFARPORE MORE BARRACKPORE", "city": "Kolkata North 24 parganas", "postalCode": "700122", "country": "India", "shippingPrice": "10.00"}}, {"model": "base.shippingaddress", "pk": "7ee5f052-e219-44c3-b8f5-6d55a2e296fd", "fields": {"order": "5a3dabb8-c295-41cc-afe8-205c5e8cef25", "address": "2/1 JAFFARPORE MORE BARRACKPORE", "city": "Kolkata North 24 parganas", "postalCode": "700122", "country": "India", "shippingPrice": "10.00"}}, {"model": "base.shippingaddress", "pk": "899e2c7c-0e32-4090-acec-ff27fe5de652", "fields": {"order": "95e3ccb8-4e25-4efc-843c-49007e0e4b66", "address": "2/1 JAFFARPORE MORE BARRACKPORE", "city": "Kolkata North 24 parganas", "postalCode": "700122", "country": "India", "shippingPrice": "10.00"}}, {"model": "base.shippingaddress", "pk": "8c9d4f64-55ea-4470-a205-53982c527a46", "fields": {"order": "92039a76-654a-467a-a8b4-acb6367f6d47", "address": "2/1 JAFFARPORE MORE BARRACKPORE", "city": "Kolkata North 24 parganas", "postalCode": "700122", "country": "India", "shippingPrice": "0.00"}}, {"model": "base.shippingaddress", "pk": "90b54c43-3971-4490-abd2-6e5528022ddf", "fields": {"order": "228901de-22e3-4212-bd6f-bdb5a5e6ac8f", "address": "2/1 JAFFARPORE MORE BARRACKPORE", "city": "Kolkata North 24 parganas", "postalCode": "700122", "country": "India", "shippingPrice": "0.00"}}, {"model": "base.shippingaddress", "pk": "90dc1718-d494-48c8-830c-99ec8006ecaf", "fields": {"order": "6b947cd4-0b1a-4adc-b09d-6a620506930b", "address": "2/1 JAFFARPORE MORE BARRACKPORE", "city": "Kolkata North 24 parganas", "postalCode": "700122", "country": "India", "shippingPrice": "0.00"}}, {"model": "base.shippingaddress", "pk": "94beed3c-8bba-4247-aba8-89a93a74ddf4", "fields": {"order": "c08762c1-e0e8-4110-b777-f2c8aab4ab83", "address": "2/1 JAFFARPORE MORE BARRACKPORE", "city": "Kolkata North 24 parganas", "postalCode": "700122", "country": "India", "shippingPrice": "0.00"}}, {"model": "base.shippingaddress", "pk": "98cf6b68-9cc5-4406-b13a-3017f7ef0c48", "fields": {"order": "5af9a5ba-b064-4a3f-a884-9c110acfbe64", "address": "2/1 JAFFARPORE MORE BARRACKPORE", "city": "Kolkata North 24 parganas", "postalCode": "700122", "country": "India", "shippingPrice": "10.00"}}, {"model": "base.shippingaddress", "pk": "a5f03000-bf2c-40c8-abdf-059cd8038e0d", "fields": {"order": "c9acd37a-fac2-4d0a-8906-65e52225099b", "address": "2/1 JAFFARPORE MORE BARRACKPORE", "city": "Kolkata North 24 parganas", "postalCode": "700122", "country": "India", "shippingPrice": "0.00"}}, {"model": "base.shippingaddress", "pk": "ba7c2c28-c885-4703-9735-ba229af2941b", "fields": {"order": "54cdb626-ccaa-420f-96aa-1391333adacf", "address": "2/1 JAFFARPORE MORE BARRACKPORE", "city": "Kolkata North 24 parganas", "postalCode": "700122", "country": "India", "shippingPrice": "0.00"}}, {"model": "base.shippingaddress", "pk": "baf61246-5942-471d-8307-9701c0e8d22f", "fields": {"order": "b7605a43-24d9-45e7-bfe0-809142ad6718", "address": "2/1 JAFFARPORE MORE BARRACKPORE", "city": "Kolkata North 24 parganas", "postalCode": "700122", "country": "India", "shippingPrice": "0.00"}}, {"model": "base.shippingaddress", "pk": "cfc11af9-632c-40f8-87e9-95d0b059ecc7", "fields": {"order": "c10b0f25-7264-4113-a0ac-a6e58c60390a", "address": "2/1 JAFFARPORE MORE BARRACKPORE", "city": "Kolkata North 24 parganas", "postalCode": "700122", "country": "India", "shippingPrice": "10.00"}}, {"model": "base.shippingaddress", "pk": "d5698b7f-6be2-4277-944c-c720e6575488", "fields": {"order": "03e5200e-af30-4bd8-b587-742e306f7ef4", "address": "2/1 JAFFARPORE MORE BARRACKPORE", "city": "Kolkata North 24 parganas", "postalCode": "700122", "country": "India", "shippingPrice": "10.00"}}, {"model": "base.shippingaddress", "pk": "d7055cd5-bbf2-437f-9e8b-498da3c8e62b", "fields": {"order": "a9999272-bb28-40a2-ac45-8deb770adc5c", "address": "2/1 JAFFARPORE MORE BARRACKPORE", "city": "Kolkata North 24 parganas", "postalCode": "700122", "country": "India", "shippingPrice": "0.00"}}, {"model": "base.shippingaddress", "pk": "e32e4525-7e34-4c0a-ae85-06fca741b82a", "fields": {"order": "b7a34379-718c-454b-b66d-1f3fe6fe1578", "address": "2/1 JAFFARPORE MORE BARRACKPORE", "city": "Kolkata North 24 parganas", "postalCode": "700122", "country": "India", "shippingPrice": "0.00"}}, {"model": "base.shippingaddress", "pk": "e5492064-49d1-4dc6-bb9d-6976fae9d0d0", "fields": {"order": "d706e805-8aa8-400f-bc39-de87df7f7044", "address": "2/1 JAFFARPORE MORE BARRACKPORE", "city": "Kolkata North 24 parganas", "postalCode": "700122", "country": "India", "shippingPrice": "0.00"}}, {"model": "base.shippingaddress", "pk": "e88f87f1-6384-4e02-a387-d7d651810e82", "fields": {"order": "5965adc6-7916-47ac-9fe0-a9f381e30c5e", "address": "2/1 JAFFARPORE MORE BARRACKPORE", "city": "Kolkata North 24 parganas", "postalCode": "700122", "country": "India", "shippingPrice": "0.00"}}, {"model": "base.shippingaddress", "pk": "ee07c53f-8ccf-4ea4-9b17-bdd4dc22e5e1", "fields": {"order": "0838520a-a8db-442d-92cf-fafbaf346f99", "address": "2/1 JAFFARPORE MORE BARRACKPORE", "city": "Kolkata North 24 parganas", "postalCode": "700122", "country": "India", "shippingPrice": "0.00"}}, {"model": "base.shippingaddress", "pk": "ef49f227-4bae-4b96-8c42-0ee323fc13cb", "fields": {"order": "cff272bb-c97b-414b-9118-da3fc1b714ad", "address": "2/1 JAFFARPORE MORE BARRACKPORE", "city": "Kolkata North 24 parganas", "postalCode": "700122", "country": "India", "shippingPrice": "0.00"}}, {"model": "base.shippingaddress", "pk": "f06b5dd8-2c2e-4bd1-8355-d8f8cab19aef", "fields": {"order": "ab67180f-b32d-48ad-ace9-a35d696a6a53", "address": "2/1 JAFFARPORE MORE BARRACKPORE", "city": "Kolkata North 24 parganas", "postalCode": "700122", "country": "India", "shippingPrice": "0.00"}}, {"model": "base.shippingaddress", "pk": "f32e624b-fd2a-41cb-8791-cf9298555e89", "fields": {"order": "8b6348f0-c5b8-4b85-8535-aa928548b28d", "address": "2/1 JAFFARPORE MORE BARRACKPORE", "city": "Kolkata North 24 parganas", "postalCode": "700122", "country": "India", "shippingPrice": "0.00"}}, {"model": "base.shippingaddress", "pk": "f78a383f-2b82-45e0-b790-a2b2aeb5af3c", "fields": {"order": "2e650d01-618d-481e-aba8-f64730085467", "address": "2/1 JAFFARPORE MORE BARRACKPORE", "city": "Kolkata North 24 parganas", "postalCode": "700122", "country": "India", "shippingPrice": "10.00"}}, {"model": "base.shippingaddress", "pk": "f855f007-91a6-42cf-91d7-a9ee4dcab502", "fields": {"order": "e1215beb-a256-4b78-82cf-8491964e1c1c", "address": "2/1 JAFFARPORE MORE BARRACKPORE", "city": "Kolkata North 24 parganas", "postalCode": "700122", "country": "India", "shippingPrice": "0.00"}}, {"model": "base.shippingaddress", "pk": "fc11f1ab-5a86-42f6-8d8a-ff71b77f0acf", "fields": {"order": "6b7b46c5-480e-459b-b9a7-d0deeea0e59d", "address": "2/1 JAFFARPORE MORE BARRACKPORE", "city": "Kolkata North 24 parganas", "postalCode": "700122", "country": "India", "shippingPrice": "0.00"}}, {"model": "base.shippingaddress", "pk": "fef73355-770b-4848-bcde-37e77db49136", "fields": {"order": "110602f4-12e2-4df1-878b-e7a712442065", "address": "2/1 JAFFARPORE MORE BARRACKPORE", "city": "Kolkata North 24 parganas", "postalCode": "700122", "country": "India", "shippingPrice": "0.00"}}]